id,first_name,last_name,email,gender,ip_address
1,Florry,Gaskin,fgaskin0@merriam-webster.com,Female,209.70.107.223
2,Rori,Plimmer,rplimmer1@cnn.com,Female,152.88.14.233
3,Rosalynd,Lidgertwood,rlidgertwood2@dedecms.com,Female,163.32.147.189
4,Arel,Cawse,acawse3@bing.com,Non-binary,187.210.71.198
5,Wilek,Pleaden,wpleaden4@statcounter.com,Male,173.173.201.40
6,Templeton,Undrell,tundrell5@berkeley.edu,Male,167.24.112.227
7,Charita,Mozzini,cmozzini6@slashdot.org,Female,100.36.150.35
8,Arabella,Feechum,afeechum7@ow.ly,Female,254.86.200.254
9,Allyn,Ewenson,aewenson8@moonfruit.com,Non-binary,51.118.249.82
10,Johnath,Hilliam,jhilliam9@4shared.com,Female,241.156.99.125
11,Oralee,MacGall,omacgalla@elegantthemes.com,Female,203.83.192.99
12,Ingram,Bibey,ibibeyb@sfgate.com,Male,167.184.28.126
13,Tammi,Kubu,tkubuc@dailymail.co.uk,Female,199.90.225.33
14,Tabby,Lothlorien,tlothloriend@miibeian.gov.cn,Male,41.138.229.219
15,Elwood,Lewisham,elewishame@nydailynews.com,Male,188.87.138.122
16,Britt,Bunn,bbunnf@instagram.com,Male,7.120.42.167
17,Orella,aManger,oamangerg@surveymonkey.com,Female,97.236.12.65
18,Floris,Harper,fharperh@g.co,Female,169.193.79.39
19,Gaby,Dunmore,gdunmorei@webs.com,Female,234.202.194.175
20,Molli,Putley,mputleyj@newyorker.com,Female,232.148.118.238
21,Lil,Woodroofe,lwoodroofek@earthlink.net,Female,198.106.156.146
22,Vasili,Dufer,vduferl@cargocollective.com,Male,153.243.132.179
23,Ronald,Sansom,rsansomm@behance.net,Male,63.206.245.22
24,Tim,Carnilian,tcarniliann@artisteer.com,Polygender,200.134.148.243
25,Herbie,Selliman,hsellimano@sun.com,Male,6.229.95.113
26,Pearl,Keneford,pkenefordp@cisco.com,Female,211.246.108.235
27,Frayda,Gorring,fgorringq@noaa.gov,Bigender,121.158.33.38
28,Nikita,Marousek,nmarousekr@chron.com,Male,128.107.223.95
29,Randall,Dewbury,rdewburys@hibu.com,Male,73.252.152.233
30,Clemmie,Pes,cpest@163.com,Male,112.6.61.244
31,Thalia,Shenley,tshenleyu@woothemes.com,Female,14.94.167.132
32,Ettie,Fraser,efraserv@loc.gov,Female,65.218.153.172
33,Mark,Heck,mheckw@sphinn.com,Male,167.83.99.190
34,Rudolph,Swindle,rswindlex@utexas.edu,Male,10.164.75.192
35,Olav,Yeowell,oyeowelly@washington.edu,Male,7.245.139.142
36,Juline,MacConnell,jmacconnellz@nbcnews.com,Female,116.46.214.98
37,Jenica,Drewell,jdrewell10@live.com,Female,151.98.248.72
38,Nina,Clopton,nclopton11@ihg.com,Female,244.5.132.107
39,Sunny,Alflatt,salflatt12@istockphoto.com,Female,70.92.120.230
40,Burlie,Faichnie,bfaichnie13@google.es,Male,89.109.169.178
41,Ruggiero,Bielfelt,rbielfelt14@mayoclinic.com,Male,183.102.48.44
42,Ronny,MacDougal,rmacdougal15@mashable.com,Male,135.219.86.159
43,Michel,Thornham,mthornham16@mlb.com,Female,213.149.188.229
44,Wynne,Alden,walden17@dion.ne.jp,Female,107.44.207.193
45,Trenna,Standon,tstandon18@quantcast.com,Female,186.247.192.104
46,Gage,Rielly,grielly19@nsw.gov.au,Agender,129.147.214.136
47,Jess,Sneesby,jsneesby1a@xing.com,Male,116.113.9.27
48,Dougy,Ferrolli,dferrolli1b@pbs.org,Male,92.223.76.78
49,Vittoria,Boynes,vboynes1c@nhs.uk,Female,204.134.69.165
50,Kenton,MacGarrity,kmacgarrity1d@omniture.com,Male,37.230.185.250
51,Meade,Bomfield,mbomfield1e@mit.edu,Female,29.192.95.57
52,Benjie,Handrahan,bhandrahan1f@globo.com,Genderqueer,80.160.205.220
53,Ertha,Toombs,etoombs1g@pagesperso-orange.fr,Female,108.199.244.32
54,Michal,VanBrugh,mvanbrugh1h@goodreads.com,Female,192.235.102.145
55,Cully,Naris,cnaris1i@time.com,Male,234.86.44.168
56,Reagen,Learmonth,rlearmonth1j@addtoany.com,Male,83.25.57.75
57,Pierrette,Tutchings,ptutchings1k@homestead.com,Polygender,213.212.183.67
58,Davon,Gateshill,dgateshill1l@usgs.gov,Bigender,28.198.110.107
59,Martguerita,La Grange,mlagrange1m@berkeley.edu,Female,81.36.111.128
60,Nobe,Morilla,nmorilla1n@vistaprint.com,Male,204.91.150.56
61,Linell,Toms,ltoms1o@multiply.com,Bigender,62.76.28.147
62,Christophe,Giacoppo,cgiacoppo1p@eepurl.com,Male,239.189.150.100
63,Jo ann,Juster,jjuster1q@fema.gov,Female,23.146.58.173
64,Hieronymus,Vasilov,hvasilov1r@123-reg.co.uk,Male,61.218.14.192
65,Noble,Cardo,ncardo1s@tinypic.com,Male,166.72.31.106
66,Nicole,Wake,nwake1t@seesaa.net,Female,82.149.175.132
67,Cheston,Fryman,cfryman1u@sogou.com,Agender,154.49.134.151
68,Alys,Leve,aleve1v@admin.ch,Female,254.75.143.184
69,Hobie,Wakeman,hwakeman1w@slashdot.org,Male,248.150.86.52
70,Swen,Drivers,sdrivers1x@bravesites.com,Male,230.243.218.45
71,Warde,Garmanson,wgarmanson1y@scribd.com,Genderfluid,238.168.64.0
72,Carl,Nelm,cnelm1z@sohu.com,Male,220.206.8.13
73,Tally,Claesens,tclaesens20@gnu.org,Male,127.218.241.24
74,Reidar,Papps,rpapps21@who.int,Male,31.123.169.78
75,Antoine,Cruz,acruz22@hexun.com,Male,153.128.250.89
76,Hoyt,Kubin,hkubin23@oracle.com,Male,138.175.21.46
77,Vanya,Bindley,vbindley24@pen.io,Male,227.95.177.198
78,Inger,Maggs,imaggs25@icq.com,Male,135.242.62.146
79,Garek,Izhakov,gizhakov26@51.la,Male,154.231.87.26
80,Care,Klich,cklich27@arstechnica.com,Male,65.123.216.95
81,Fonz,Regorz,fregorz28@bbc.co.uk,Male,232.1.173.3
82,Julina,Thurston,jthurston29@usnews.com,Female,183.104.130.106
83,Stacee,Brogi,sbrogi2a@youku.com,Female,23.26.76.148
84,Yank,Baynon,ybaynon2b@ebay.co.uk,Male,248.96.23.125
85,Laney,Jeskin,ljeskin2c@a8.net,Male,50.87.204.142
86,Herby,Brittoner,hbrittoner2d@independent.co.uk,Genderqueer,115.235.56.14
87,Tansy,Happert,thappert2e@seesaa.net,Genderfluid,43.130.68.96
88,Marta,Basten,mbasten2f@prweb.com,Female,115.100.108.29
89,Miltie,Duxfield,mduxfield2g@gnu.org,Male,123.60.79.46
90,Bob,Harmstone,bharmstone2h@51.la,Male,234.53.173.61
91,Grissel,MacElroy,gmacelroy2i@gnu.org,Female,102.164.185.237
92,Jacquie,Casale,jcasale2j@yandex.ru,Female,165.82.34.20
93,Euell,Beldam,ebeldam2k@patch.com,Male,72.1.82.193
94,Lorette,Getcliff,lgetcliff2l@hugedomains.com,Female,112.244.252.116
95,Emlynne,Kellar,ekellar2m@smh.com.au,Female,31.177.173.218
96,Obie,Grisley,ogrisley2n@skyrock.com,Male,194.210.205.46
97,Cecilio,Colleford,ccolleford2o@go.com,Male,109.48.60.144
98,Wainwright,Frisby,wfrisby2p@cyberchimps.com,Male,224.0.224.5
99,Sile,Cowcha,scowcha2q@wix.com,Female,139.78.229.32
100,Harriette,Jaycock,hjaycock2r@miibeian.gov.cn,Female,44.45.24.127
101,Gayle,Bellerby,gbellerby2s@ox.ac.uk,Female,98.34.222.189
102,Diann,Rosenberg,drosenberg2t@moonfruit.com,Female,100.113.184.255
103,Ryun,Petschelt,rpetschelt2u@tinyurl.com,Male,130.47.194.87
104,Chere,Jenking,cjenking2v@altervista.org,Female,138.78.103.193
105,Augustus,Mayne,amayne2w@cnbc.com,Male,201.172.3.67
106,Doralynn,Schutt,dschutt2x@comsenz.com,Female,40.60.244.52
107,Corenda,Fownes,cfownes2y@jiathis.com,Female,116.142.67.37
108,Wenonah,Brickdale,wbrickdale2z@nationalgeographic.com,Female,66.171.145.124
109,Dorie,Hannabuss,dhannabuss30@squarespace.com,Male,115.183.136.69
110,Colet,Egar,cegar31@skype.com,Male,192.241.244.23
111,Kahlil,Libbie,klibbie32@earthlink.net,Male,94.91.118.32
112,Jamison,Cherrie,jcherrie33@uol.com.br,Male,203.9.239.12
113,Dannel,Ivanishev,divanishev34@e-recht24.de,Male,61.119.150.34
114,Clifford,Biesinger,cbiesinger35@about.me,Male,18.181.33.11
115,Storm,McGuiness,smcguiness36@cisco.com,Female,42.119.60.84
116,Eudora,Spaxman,espaxman37@spiegel.de,Female,102.14.230.222
117,Husein,Soeiro,hsoeiro38@tuttocitta.it,Male,162.73.176.27
118,Aldon,Westgate,awestgate39@ehow.com,Male,228.65.32.111
119,Burk,Mangin,bmangin3a@topsy.com,Male,47.117.112.76
120,Olympe,Breslauer,obreslauer3b@flavors.me,Female,154.248.139.197
121,Ninon,Wilcox,nwilcox3c@comsenz.com,Female,179.201.203.33
122,Nita,Quarrell,nquarrell3d@google.pl,Female,123.100.84.243
123,Atalanta,Obin,aobin3e@cnet.com,Female,177.93.223.144
124,Parrnell,Raecroft,praecroft3f@google.es,Male,246.221.123.140
125,Claribel,Westmacott,cwestmacott3g@un.org,Female,9.255.220.11
126,Raffaello,Laugharne,rlaugharne3h@dmoz.org,Male,26.132.156.36
127,Nedi,Silwood,nsilwood3i@amazonaws.com,Bigender,119.231.113.11
128,Peterus,Busswell,pbusswell3j@intel.com,Male,68.83.26.185
129,Horace,Gabits,hgabits3k@naver.com,Male,82.100.246.230
130,Baxy,Skerme,bskerme3l@google.nl,Male,207.58.113.243
131,Berry,Ruddell,bruddell3m@sciencedaily.com,Female,39.55.19.163
132,Debi,Arnhold,darnhold3n@phoca.cz,Female,102.237.63.141
133,Pamelina,Hallgath,phallgath3o@nationalgeographic.com,Female,138.102.42.177
134,Bink,MacKaile,bmackaile3p@youku.com,Male,160.116.130.143
135,Hadley,Northill,hnorthill3q@springer.com,Male,227.12.216.223
136,Elysia,Kelleway,ekelleway3r@cdbaby.com,Female,146.113.220.72
137,Clayton,O'Hearn,cohearn3s@ask.com,Male,89.211.139.137
138,Emeline,O' Driscoll,eodriscoll3t@boston.com,Female,88.129.180.140
139,Tove,Barkly,tbarkly3u@unicef.org,Female,38.252.105.40
140,Rana,Grinikhinov,rgrinikhinov3v@gizmodo.com,Polygender,156.20.232.122
141,Johnathan,Humm,jhumm3w@admin.ch,Male,51.107.111.163
142,Frannie,Byneth,fbyneth3x@mapy.cz,Male,13.19.62.118
143,Athene,Murtagh,amurtagh3y@fotki.com,Female,236.112.221.49
144,Gorden,Hebson,ghebson3z@ted.com,Male,209.117.120.67
145,Ursala,Easom,ueasom40@home.pl,Bigender,116.56.244.122
146,Hamlen,Sommerling,hsommerling41@ocn.ne.jp,Male,1.140.27.41
147,Maudie,Marqyes,mmarqyes42@weebly.com,Agender,132.132.151.149
148,Brandy,Burchatt,bburchatt43@washington.edu,Male,52.68.124.42
149,Georgeanne,Yokley,gyokley44@rambler.ru,Female,151.123.236.115
150,Frankie,Gleaves,fgleaves45@jugem.jp,Female,139.135.60.214
151,Gavrielle,Sawdon,gsawdon46@meetup.com,Polygender,135.103.89.83
152,Felita,Brightman,fbrightman47@irs.gov,Female,89.40.163.205
153,Alley,Spiers,aspiers48@bbb.org,Male,98.32.236.146
154,Taite,Gerardin,tgerardin49@aboutads.info,Male,48.195.233.184
155,Jehu,Thorowgood,jthorowgood4a@prweb.com,Male,31.28.167.186
156,Jodi,Kender,jkender4b@google.fr,Male,127.203.81.212
157,Hazel,Errowe,herrowe4c@indiegogo.com,Male,28.74.207.93
158,Si,Dallosso,sdallosso4d@blogger.com,Male,121.59.142.15
159,Gradey,Bewshea,gbewshea4e@soup.io,Male,199.62.112.126
160,Edgardo,Gionettitti,egionettitti4f@i2i.jp,Male,88.136.6.39
161,Kendall,Trase,ktrase4g@un.org,Male,72.169.101.227
162,Rozelle,Nobbs,rnobbs4h@wiley.com,Female,244.140.223.31
163,Samantha,Crofthwaite,scrofthwaite4i@uiuc.edu,Female,146.15.146.60
164,Chucho,Thacke,cthacke4j@admin.ch,Male,182.42.153.28
165,Karlan,Draper,kdraper4k@cocolog-nifty.com,Male,94.17.101.60
166,Olivier,Kloss,okloss4l@mediafire.com,Male,120.63.40.211
167,Lyn,Raxworthy,lraxworthy4m@sakura.ne.jp,Polygender,137.22.75.238
168,Ira,Beetles,ibeetles4n@csmonitor.com,Genderfluid,238.132.113.31
169,Rudd,Bierling,rbierling4o@comsenz.com,Male,242.144.31.79
170,Tanya,Brandon,tbrandon4p@about.com,Female,163.122.138.58
171,Corey,Deam,cdeam4q@youku.com,Female,26.124.95.56
172,Early,Kinch,ekinch4r@phoca.cz,Male,93.105.230.181
173,Hayyim,Ast,hast4s@wiley.com,Male,134.245.51.126
174,Norry,Gullivent,ngullivent4t@tmall.com,Male,32.7.211.245
175,Kacey,Halbert,khalbert4u@ustream.tv,Female,151.234.25.74
176,Nicky,Doohan,ndoohan4v@npr.org,Male,52.210.26.148
177,Roderic,Myrie,rmyrie4w@irs.gov,Male,28.156.175.129
178,Gwenny,Devoy,gdevoy4x@github.io,Female,58.190.16.59
179,Gram,Enrique,genrique4y@techcrunch.com,Male,118.110.214.57
180,Bartram,McLugaish,bmclugaish4z@indiegogo.com,Male,107.84.45.187
181,Ted,Kubasiewicz,tkubasiewicz50@tinypic.com,Female,18.78.225.180
182,Ulises,Hamblyn,uhamblyn51@netlog.com,Male,151.247.156.91
183,Tristam,Bissex,tbissex52@drupal.org,Male,182.228.110.105
184,Robbie,Dumbell,rdumbell53@live.com,Female,84.154.188.68
185,Linnie,Jindracek,ljindracek54@mail.ru,Non-binary,129.24.91.23
186,Hilliary,Rothon,hrothon55@4shared.com,Female,184.226.229.132
187,Saba,Vallentin,svallentin56@imgur.com,Female,105.167.247.47
188,Sid,Stoakes,sstoakes57@si.edu,Male,100.78.241.92
189,Cayla,Gomersal,cgomersal58@ucsd.edu,Female,68.236.254.37
190,Gabriel,O'Shiels,goshiels59@jugem.jp,Genderfluid,162.122.120.125
191,Cirilo,Shurmore,cshurmore5a@mediafire.com,Male,3.25.171.53
192,Rosina,Scane,rscane5b@pbs.org,Polygender,32.173.174.77
193,Minta,Jaulme,mjaulme5c@abc.net.au,Female,54.81.244.59
194,Pacorro,Simonich,psimonich5d@typepad.com,Male,53.200.67.200
195,Killy,Gerrish,kgerrish5e@so-net.ne.jp,Male,247.5.66.250
196,Linc,Bertomeu,lbertomeu5f@wunderground.com,Male,185.192.216.10
197,Winonah,Pitkins,wpitkins5g@answers.com,Agender,11.117.208.5
198,Goraud,Featherby,gfeatherby5h@netvibes.com,Male,200.103.218.234
199,Celle,Auger,cauger5i@nih.gov,Female,132.116.70.181
200,Alexander,Le Noire,alenoire5j@umn.edu,Male,73.115.237.139
201,Lyn,Haburne,lhaburne5k@discovery.com,Female,58.151.226.172
202,Phip,Stimson,pstimson5l@bing.com,Male,56.150.120.98
203,Essy,Blacktin,eblacktin5m@paginegialle.it,Female,73.191.184.255
204,Ferdinande,Rudiger,frudiger5n@qq.com,Female,99.11.12.217
205,Aile,Jerche,ajerche5o@mail.ru,Female,114.131.226.70
206,Lurline,Penkethman,lpenkethman5p@ycombinator.com,Female,240.24.27.240
207,Forrest,Oriel,foriel5q@sohu.com,Agender,158.107.151.40
208,Leoline,Breckell,lbreckell5r@columbia.edu,Non-binary,101.190.62.20
209,Fredek,Weblin,fweblin5s@sogou.com,Male,156.247.255.20
210,Con,Lamplugh,clamplugh5t@bbc.co.uk,Male,35.80.193.120
211,Randy,Manilo,rmanilo5u@storify.com,Female,120.76.75.68
212,Kelwin,Bagster,kbagster5v@addtoany.com,Male,21.44.83.133
213,Fransisco,Hindenberger,fhindenberger5w@mapquest.com,Male,14.255.92.16
214,Tammi,Vedenisov,tvedenisov5x@amazon.co.uk,Female,83.240.78.171
215,Far,Lightowlers,flightowlers5y@sfgate.com,Male,130.3.203.213
216,Ginnifer,Heak,gheak5z@myspace.com,Female,66.149.61.41
217,Korney,Hamlin,khamlin60@posterous.com,Female,92.17.120.56
218,Edie,MacAscaidh,emacascaidh61@wix.com,Female,77.66.62.236
219,Kinnie,Ilieve,kilieve62@cyberchimps.com,Male,195.218.202.210
220,Jaquenette,Heckle,jheckle63@dyndns.org,Female,151.240.235.208
221,Ailsun,Extence,aextence64@army.mil,Non-binary,96.232.237.153
222,Heddi,Lowthorpe,hlowthorpe65@is.gd,Agender,153.109.211.47
223,Scarface,Brunker,sbrunker66@fda.gov,Male,61.12.50.219
224,Waverly,Flook,wflook67@jimdo.com,Male,212.209.198.154
225,Carri,Murrum,cmurrum68@comsenz.com,Female,223.52.148.145
226,Ardeen,Brumham,abrumham69@nature.com,Female,212.18.151.255
227,Shani,Wasylkiewicz,swasylkiewicz6a@mashable.com,Female,245.229.183.237
228,Titus,Dincey,tdincey6b@wikipedia.org,Genderfluid,26.13.208.59
229,Arlana,Esom,aesom6c@ovh.net,Female,13.130.58.8
230,Joyous,Abrahams,jabrahams6d@theglobeandmail.com,Polygender,246.68.20.183
231,Roda,Berk,rberk6e@smugmug.com,Female,28.213.129.51
232,Nikolai,Plant,nplant6f@wufoo.com,Male,81.177.36.35
233,Derick,Chason,dchason6g@about.com,Male,124.14.154.216
234,Allyn,Rotchell,arotchell6h@java.com,Male,178.153.43.160
235,Deeyn,Yarmouth,dyarmouth6i@feedburner.com,Genderqueer,112.230.82.48
236,Kimble,Passe,kpasse6j@engadget.com,Male,101.222.107.177
237,Ginny,Kemmis,gkemmis6k@wiley.com,Female,206.19.54.109
238,Benoite,Rangell,brangell6l@netvibes.com,Female,224.117.249.204
239,Amaleta,Thebe,athebe6m@imageshack.us,Female,90.11.195.135
240,Jaclin,MacPharlain,jmacpharlain6n@cafepress.com,Female,59.194.88.90
241,Leonardo,Lethardy,llethardy6o@blogtalkradio.com,Male,94.243.95.208
242,Muffin,Spuner,mspuner6p@paypal.com,Genderqueer,95.150.108.2
243,Kevon,Ditts,kditts6q@youtube.com,Polygender,97.87.205.82
244,Wesley,McGinlay,wmcginlay6r@cdc.gov,Male,63.7.104.213
245,Ignaz,Marmyon,imarmyon6s@webs.com,Male,35.95.216.95
246,Genvieve,Cammiemile,gcammiemile6t@phpbb.com,Female,83.188.223.155
247,Kilian,Brugsma,kbrugsma6u@disqus.com,Male,130.125.5.163
248,Hertha,Marke,hmarke6v@google.ru,Female,182.21.170.187
249,Beret,Done,bdone6w@amazon.co.jp,Female,113.85.63.78
250,Jerad,Bartzen,jbartzen6x@liveinternet.ru,Non-binary,195.205.133.248
251,Xylina,Jasik,xjasik6y@seesaa.net,Female,1.21.226.188
252,Emery,Vedishchev,evedishchev6z@scientificamerican.com,Male,126.39.155.95
253,Eba,McKinney,emckinney70@earthlink.net,Female,238.244.182.33
254,Cloris,Whitnell,cwhitnell71@imdb.com,Female,143.204.81.202
255,Jackqueline,Clipston,jclipston72@hostgator.com,Polygender,68.119.174.215
256,Taryn,Ashling,tashling73@cbslocal.com,Female,231.238.144.69
257,Corrianne,Sjostrom,csjostrom74@sitemeter.com,Female,249.176.86.198
258,Elbertine,Avesque,eavesque75@patch.com,Female,188.115.63.194
259,Vick,Keming,vkeming76@dailymail.co.uk,Male,41.234.3.213
260,Malchy,Hollibone,mhollibone77@gov.uk,Male,146.209.54.38
261,Jen,Gerleit,jgerleit78@sakura.ne.jp,Female,62.137.14.220
262,Rochell,McCory,rmccory79@about.me,Female,59.13.175.16
263,Tonnie,Sheach,tsheach7a@goo.gl,Male,213.184.5.69
264,Eloisa,Marton,emarton7b@whitehouse.gov,Genderqueer,235.68.33.87
265,Yul,Bilbie,ybilbie7c@fotki.com,Agender,159.207.152.18
266,Ethelbert,Hartin,ehartin7d@twitter.com,Male,134.230.84.153
267,Ashely,Sandercroft,asandercroft7e@china.com.cn,Female,50.42.20.10
268,Belva,Seres,bseres7f@macromedia.com,Female,172.252.201.251
269,Kelsey,Ropert,kropert7g@list-manage.com,Male,163.128.254.241
270,Adena,Station,astation7h@nps.gov,Female,53.209.55.91
271,Katleen,Backwell,kbackwell7i@com.com,Female,115.217.234.253
272,Tommy,Yakobowitz,tyakobowitz7j@etsy.com,Male,39.22.198.230
273,Garnette,Draycott,gdraycott7k@bbc.co.uk,Bigender,112.177.33.186
274,Alwin,Arnhold,aarnhold7l@about.com,Male,52.92.249.196
275,Odo,Frane,ofrane7m@pcworld.com,Male,181.78.17.187
276,Sophia,Reeveley,sreeveley7n@dagondesign.com,Female,164.90.238.159
277,Scarlet,Phettis,sphettis7o@boston.com,Female,72.248.95.243
278,Leena,Muscroft,lmuscroft7p@mozilla.org,Female,175.74.201.36
279,Deborah,Rockell,drockell7q@linkedin.com,Female,48.248.146.179
280,Celene,Alecock,calecock7r@jiathis.com,Female,79.254.100.184
281,Mayor,Lilywhite,mlilywhite7s@sitemeter.com,Male,191.126.35.75
282,Farlay,Griffiths,fgriffiths7t@china.com.cn,Male,42.21.71.119
283,Burk,Synnot,bsynnot7u@shutterfly.com,Male,169.154.47.199
284,Anny,Slayton,aslayton7v@posterous.com,Female,199.219.97.147
285,Esmaria,Lukash,elukash7w@adobe.com,Female,143.44.26.85
286,Cass,Nouch,cnouch7x@nbcnews.com,Male,94.162.207.186
287,Loydie,Woolliams,lwoolliams7y@qq.com,Male,196.158.88.169
288,Nikki,Garratty,ngarratty7z@lycos.com,Bigender,188.246.113.90
289,Melisandra,Bavin,mbavin80@discuz.net,Female,125.255.231.168
290,Prisca,Meltetal,pmeltetal81@imageshack.us,Female,68.230.67.152
291,Hakeem,Stodd,hstodd82@mapquest.com,Male,127.147.38.35
292,Odie,Antonov,oantonov83@fda.gov,Male,126.37.251.146
293,Neill,Kaines,nkaines84@pagesperso-orange.fr,Male,151.241.60.168
294,Celestine,Digance,cdigance85@newyorker.com,Female,122.145.235.168
295,Karlotta,Frith,kfrith86@nifty.com,Female,162.163.118.90
296,Nickolai,Degenhardt,ndegenhardt87@blog.com,Male,56.254.76.110
297,Hadley,Kybird,hkybird88@patch.com,Male,16.206.9.55
298,Hobart,Dusey,hdusey89@eventbrite.com,Male,250.134.194.183
299,Nady,Royste,nroyste8a@phpbb.com,Female,240.122.199.147
300,Ailene,Gayther,agayther8b@gizmodo.com,Genderfluid,235.71.128.222
301,Danielle,Lodwig,dlodwig8c@vinaora.com,Female,190.221.13.21
302,Gianina,Simmell,gsimmell8d@list-manage.com,Female,36.65.144.224
303,Piper,Lievesley,plievesley8e@cnn.com,Female,101.193.54.172
304,Halley,Tewelson,htewelson8f@4shared.com,Genderqueer,238.248.229.218
305,Buckie,Keightley,bkeightley8g@blogger.com,Genderfluid,244.230.17.242
306,Marja,Code,mcode8h@tmall.com,Polygender,251.52.60.165
307,Debbie,Barling,dbarling8i@tripod.com,Female,229.87.85.53
308,Electra,Huby,ehuby8j@ihg.com,Female,242.11.215.43
309,Rosalie,Kennon,rkennon8k@tripadvisor.com,Female,35.235.140.57
310,Lizzie,Vanyarkin,lvanyarkin8l@goo.ne.jp,Female,182.168.96.247
311,Marin,Ogilvy,mogilvy8m@adobe.com,Female,33.141.104.164
312,Parrnell,Shone,pshone8n@geocities.com,Male,21.228.40.62
313,Dulcia,Syalvester,dsyalvester8o@house.gov,Female,179.90.41.20
314,Reeba,Godlip,rgodlip8p@discuz.net,Female,190.222.125.71
315,Gaynor,Hamil,ghamil8q@nsw.gov.au,Female,111.245.246.164
316,Oralee,Stoves,ostoves8r@google.cn,Female,173.216.62.121
317,Adey,Oseland,aoseland8s@histats.com,Female,61.7.73.68
318,Calley,Whebell,cwhebell8t@networksolutions.com,Female,33.235.16.153
319,Bonny,McFaell,bmcfaell8u@columbia.edu,Female,53.35.46.233
320,Ray,Bateson,rbateson8v@fema.gov,Male,239.85.236.230
321,Heall,Heinzler,hheinzler8w@arstechnica.com,Male,202.151.49.57
322,Garrard,Sherr,gsherr8x@icio.us,Male,94.220.151.75
323,Gualterio,Gillibrand,ggillibrand8y@blogtalkradio.com,Male,109.244.60.181
324,Abbe,Fairest,afairest8z@apple.com,Male,17.154.152.50
325,Kelbee,Nelson,knelson90@jiathis.com,Male,227.251.6.120
326,Melisa,Caile,mcaile91@blogs.com,Female,21.107.5.217
327,Hanni,Boncore,hboncore92@yellowpages.com,Female,2.254.45.155
328,Rozele,Hallum,rhallum93@hp.com,Female,81.137.155.54
329,Tish,Tockell,ttockell94@cnbc.com,Female,117.71.84.127
330,Hi,Bolam,hbolam95@clickbank.net,Male,93.31.189.143
331,Shurlock,Juhruke,sjuhruke96@prweb.com,Male,182.115.67.192
332,Kendre,O'Kennavain,kokennavain97@washington.edu,Female,21.19.218.152
333,Warden,O'Dowling,wodowling98@alibaba.com,Male,62.130.208.132
334,Ase,Witch,awitch99@home.pl,Male,155.11.238.109
335,Alene,Tebbe,atebbe9a@quantcast.com,Female,234.84.172.161
336,Mohandas,Bointon,mbointon9b@bravesites.com,Male,251.99.78.207
337,Deena,Absalom,dabsalom9c@feedburner.com,Female,149.169.126.44
338,Guido,Happel,ghappel9d@godaddy.com,Male,168.232.176.169
339,Verine,Skyme,vskyme9e@skype.com,Female,221.214.102.172
340,Guthrey,Maplethorpe,gmaplethorpe9f@mozilla.com,Male,228.78.247.231
341,Tracee,Bolzmann,tbolzmann9g@sourceforge.net,Female,248.96.52.114
342,Shannon,O'Kenny,sokenny9h@vinaora.com,Non-binary,168.184.59.193
343,Ally,Sheryn,asheryn9i@pen.io,Female,211.153.121.40
344,Hermie,Bastiman,hbastiman9j@biblegateway.com,Male,115.151.22.35
345,Fulvia,Wetherill,fwetherill9k@japanpost.jp,Female,189.220.111.222
346,Vivi,Thorneloe,vthorneloe9l@springer.com,Female,86.19.121.213
347,Byrann,Stutter,bstutter9m@chicagotribune.com,Male,90.248.47.65
348,Letti,Thews,lthews9n@goo.gl,Female,181.11.96.78
349,Maria,Orpen,morpen9o@msn.com,Female,196.228.169.158
350,Erna,Oddboy,eoddboy9p@ning.com,Female,174.50.41.10
351,Titus,Hazleton,thazleton9q@over-blog.com,Male,209.125.223.85
352,Darin,Cossans,dcossans9r@webs.com,Polygender,241.90.102.58
353,Dede,Calderhead,dcalderhead9s@cnbc.com,Female,13.88.180.212
354,Dona,Coveney,dcoveney9t@nature.com,Female,23.137.213.54
355,Bastien,Sheryn,bsheryn9u@multiply.com,Male,160.82.181.96
356,Elisha,Burfitt,eburfitt9v@printfriendly.com,Male,52.167.69.206
357,Agata,Provost,aprovost9w@smugmug.com,Female,109.20.250.62
358,Jaquith,Tupman,jtupman9x@istockphoto.com,Female,61.49.177.138
359,Joby,Wenden,jwenden9y@bizjournals.com,Female,242.229.128.177
360,Bartholomeus,Paddeley,bpaddeley9z@answers.com,Male,26.197.72.194
361,Petunia,Pacher,ppachera0@cpanel.net,Female,71.194.136.14
362,Hi,Pickerin,hpickerina1@indiatimes.com,Male,182.126.195.2
363,Gino,Roskelley,groskelleya2@vinaora.com,Male,10.18.27.6
364,Sibella,Brashaw,sbrashawa3@yolasite.com,Female,107.40.162.255
365,Genny,Jarrel,gjarrela4@nymag.com,Non-binary,44.172.20.95
366,Lexie,Colnet,lcolneta5@umich.edu,Female,126.155.83.31
367,Zolly,Twomey,ztwomeya6@over-blog.com,Male,94.147.215.52
368,Kylynn,Konertz,kkonertza7@alexa.com,Female,50.107.197.98
369,Thadeus,De Brett,tdebretta8@miitbeian.gov.cn,Male,7.48.20.90
370,Jacquenetta,Pheasey,jpheaseya9@furl.net,Female,113.100.191.146
371,Allen,Ible,aibleaa@shareasale.com,Male,25.243.160.188
372,Fianna,Sandom,fsandomab@amazon.co.jp,Female,32.118.123.41
373,Margarethe,Rabson,mrabsonac@cmu.edu,Female,73.76.180.106
374,Rosemarie,Winslow,rwinslowad@prnewswire.com,Female,117.42.91.210
375,Padraic,Mizzi,pmizziae@imgur.com,Male,240.106.144.167
376,Rosco,Lillford,rlillfordaf@zdnet.com,Male,163.13.162.122
377,Kay,Sieur,ksieurag@globo.com,Genderqueer,73.93.230.120
378,Lizzie,Pestridge,lpestridgeah@google.fr,Female,174.149.95.232
379,Ailis,Carlin,acarlinai@biglobe.ne.jp,Female,32.33.179.225
380,Siouxie,Moulder,smoulderaj@foxnews.com,Female,33.39.199.182
381,Benyamin,Eagles,beaglesak@bizjournals.com,Male,63.103.96.229
382,Edin,Stainton,estaintonal@dion.ne.jp,Female,9.65.196.85
383,Babbie,Rossborough,brossborougham@baidu.com,Female,76.47.178.5
384,Hinda,Amyes,hamyesan@alibaba.com,Female,166.250.197.135
385,Michele,Reape,mreapeao@flavors.me,Non-binary,73.231.168.220
386,Louella,Thickpenny,lthickpennyap@over-blog.com,Female,161.225.246.187
387,Salem,O'Cooney,socooneyaq@mit.edu,Male,71.212.233.229
388,Prudy,Giral,pgiralar@pinterest.com,Female,160.237.239.73
389,Giusto,Nosworthy,gnosworthyas@51.la,Male,244.157.125.151
390,Vale,Filip,vfilipat@goo.ne.jp,Female,242.208.194.87
391,Lizbeth,Cruden,lcrudenau@mapquest.com,Female,46.115.253.230
392,Basia,Ridewood,bridewoodav@so-net.ne.jp,Female,43.70.106.98
393,Felipe,Reilly,freillyaw@cdbaby.com,Male,234.68.201.236
394,Natasha,Crissil,ncrissilax@lulu.com,Female,238.60.180.132
395,Dorris,Baton,dbatonay@bing.com,Female,80.54.33.69
396,Myca,Presnell,mpresnellaz@tiny.cc,Male,234.21.95.211
397,Gaelan,de Quincey,gdequinceyb0@deliciousdays.com,Male,65.66.14.36
398,Dee,Cabotto,dcabottob1@issuu.com,Female,203.239.64.10
399,Norean,Grandisson,ngrandissonb2@fema.gov,Female,63.227.148.37
400,Marabel,Cleynaert,mcleynaertb3@fda.gov,Female,137.96.236.218
401,Fonzie,Parman,fparmanb4@washingtonpost.com,Male,228.183.117.109
402,Rochette,Ind,rindb5@irs.gov,Non-binary,21.58.77.145
403,Jayne,Hawthorn,jhawthornb6@comcast.net,Female,242.29.224.204
404,Toinette,Sudron,tsudronb7@webmd.com,Female,177.169.138.10
405,Abbi,Andrioni,aandrionib8@nbcnews.com,Female,250.84.159.242
406,Kristopher,McGing,kmcgingb9@g.co,Male,204.236.21.183
407,Lydie,O'Halleghane,lohalleghaneba@csmonitor.com,Female,221.50.193.225
408,Nerte,Cullinan,ncullinanbb@tripadvisor.com,Female,216.158.29.130
409,Rutter,Bleackley,rbleackleybc@yahoo.co.jp,Polygender,36.78.182.76
410,Archibald,Cordaroy,acordaroybd@cbsnews.com,Male,80.247.227.77
411,Jenifer,O'Harney,joharneybe@topsy.com,Female,40.86.189.170
412,Joice,Hogben,jhogbenbf@surveymonkey.com,Female,134.176.243.192
413,Amelina,Swinyard,aswinyardbg@unc.edu,Female,73.118.84.151
414,Kellen,Bowe,kbowebh@dyndns.org,Male,25.109.7.11
415,Myer,Trask,mtraskbi@japanpost.jp,Male,38.103.184.151
416,Addia,Donisthorpe,adonisthorpebj@economist.com,Female,57.93.48.201
417,Linn,Geist,lgeistbk@taobao.com,Male,13.8.167.93
418,Emmalynne,MacCosty,emaccostybl@timesonline.co.uk,Female,147.117.217.34
419,Kata,Sked,kskedbm@cnet.com,Female,12.193.183.39
420,Jourdan,Maber,jmaberbn@istockphoto.com,Female,63.113.228.239
421,Lindsay,McIlwreath,lmcilwreathbo@vimeo.com,Non-binary,178.240.16.243
422,Jerrie,Stanyard,jstanyardbp@virginia.edu,Genderqueer,53.250.69.169
423,Judon,Sabater,jsabaterbq@naver.com,Male,224.213.50.192
424,Rosette,Jope,rjopebr@nbcnews.com,Female,20.53.13.211
425,Lucias,Lively,llivelybs@gmpg.org,Male,44.110.64.59
426,Ruby,Kachel,rkachelbt@booking.com,Male,206.193.52.70
427,Tanya,Castana,tcastanabu@sourceforge.net,Female,187.157.197.41
428,Erhart,Raspin,eraspinbv@mayoclinic.com,Male,220.62.145.140
429,Ofella,Philipet,ophilipetbw@redcross.org,Female,68.197.17.65
430,Myca,Bernli,mbernlibx@berkeley.edu,Male,143.162.69.104
431,Madel,Paulazzi,mpaulazziby@yandex.ru,Genderfluid,190.72.128.191
432,Ingelbert,Ellerman,iellermanbz@flavors.me,Male,198.231.81.12
433,Pavia,Bratton,pbrattonc0@bbb.org,Female,53.116.185.10
434,Andrea,Shilvock,ashilvockc1@bigcartel.com,Male,4.181.212.130
435,Chevy,Lonsdale,clonsdalec2@edublogs.org,Male,219.89.250.29
436,Wyatt,Graves,wgravesc3@comcast.net,Male,114.141.246.239
437,Donny,Vasovic,dvasovicc4@furl.net,Female,243.243.164.134
438,Tomlin,Cranke,tcrankec5@smugmug.com,Non-binary,24.229.140.180
439,Torey,Lechmere,tlechmerec6@fotki.com,Female,208.61.253.18
440,Marietta,Kilfedder,mkilfedderc7@quantcast.com,Female,181.126.138.20
441,Harmonie,Ioan,hioanc8@usatoday.com,Female,130.55.142.220
442,Nadeen,Jarrett,njarrettc9@toplist.cz,Female,199.243.2.196
443,Lorin,Priel,lprielca@princeton.edu,Male,220.148.129.225
444,Minetta,Berford,mberfordcb@bandcamp.com,Female,16.137.195.190
445,Garwood,Roskam,groskamcc@marketwatch.com,Male,59.44.195.178
446,Dion,Shyram,dshyramcd@independent.co.uk,Male,1.6.117.114
447,Lonee,Dradey,ldradeyce@youtube.com,Genderqueer,154.232.1.15
448,Raffarty,Choake,rchoakecf@e-recht24.de,Male,45.211.97.208
449,Kaitlyn,Killgus,kkillguscg@spotify.com,Female,217.18.144.38
450,Deanne,Reely,dreelych@phpbb.com,Female,225.12.247.186
451,Grata,Zecchinelli,gzecchinellici@census.gov,Female,134.77.149.235
452,Terri-jo,Shwalbe,tshwalbecj@google.ca,Female,45.48.66.18
453,Lou,Fleming,lflemingck@soup.io,Male,144.224.225.206
454,Dominique,Comins,dcominscl@ucoz.ru,Female,31.190.178.10
455,Milton,Tansill,mtansillcm@ebay.co.uk,Male,92.130.171.32
456,Murry,Alennikov,malennikovcn@creativecommons.org,Male,76.60.53.18
457,Renae,Lilleyman,rlilleymanco@psu.edu,Female,240.242.84.39
458,Cherey,Loveday,clovedaycp@google.co.uk,Female,177.140.79.244
459,Vernen,Prendergrass,vprendergrasscq@last.fm,Male,184.150.196.202
460,Gard,Altofts,galtoftscr@aol.com,Genderqueer,194.224.207.84
461,Barby,Burrass,bburrasscs@chronoengine.com,Female,32.240.246.136
462,Raimondo,Lomasney,rlomasneyct@sciencedaily.com,Male,127.151.81.130
463,Gwendolin,Gasson,ggassoncu@rambler.ru,Female,45.73.18.185
464,Jacynth,Mulloch,jmullochcv@seesaa.net,Female,37.127.214.242
465,Bertie,Kirgan,bkirgancw@abc.net.au,Male,136.165.112.101
466,Kirsti,Monro,kmonrocx@prlog.org,Genderqueer,160.208.228.134
467,Heath,Baccus,hbaccuscy@sciencedirect.com,Male,181.19.116.239
468,Stanfield,Saltmarsh,ssaltmarshcz@spotify.com,Male,238.238.197.204
469,Emogene,Sancraft,esancraftd0@fda.gov,Female,77.187.249.232
470,Arabel,Gianuzzi,agianuzzid1@theatlantic.com,Female,196.6.203.209
471,Stuart,Petheridge,spetheridged2@squidoo.com,Male,181.79.100.192
472,Demetris,Sutherland,dsutherlandd3@parallels.com,Female,52.137.208.165
473,Derward,Farbrace,dfarbraced4@paypal.com,Male,34.226.77.167
474,Cathleen,Perigo,cperigod5@amazon.co.jp,Female,36.231.99.234
475,Pedro,Aguirre,paguirred6@house.gov,Male,5.95.77.77
476,Bondy,Gabbott,bgabbottd7@stumbleupon.com,Male,182.32.131.74
477,Carny,MacMarcuis,cmacmarcuisd8@example.com,Male,89.36.252.45
478,Haroun,Dunton,hduntond9@businessweek.com,Male,124.152.47.172
479,Kin,Kuhne,kkuhneda@wordpress.org,Male,98.92.48.46
480,Mallissa,Riepel,mriepeldb@ed.gov,Female,167.129.40.58
481,Morganne,Brendel,mbrendeldc@diigo.com,Female,81.243.28.230
482,Orelia,Sawood,osawooddd@microsoft.com,Non-binary,135.88.230.41
483,Colene,Heinsius,cheinsiusde@istockphoto.com,Bigender,135.181.148.222
484,Anthiathia,Rozea,arozeadf@cam.ac.uk,Female,103.18.182.162
485,Ximenes,Mecchi,xmecchidg@flavors.me,Male,31.105.78.119
486,Howey,Clague,hclaguedh@trellian.com,Male,238.155.228.59
487,Willyt,Cremin,wcremindi@slideshare.net,Female,94.50.182.177
488,Wildon,Monketon,wmonketondj@admin.ch,Male,204.186.184.15
489,Sig,Petr,spetrdk@simplemachines.org,Male,86.16.15.103
490,Suzie,Royall,sroyalldl@booking.com,Female,48.45.114.158
491,Leisha,Bale,lbaledm@hhs.gov,Female,6.149.136.66
492,Nessy,Francecione,nfrancecionedn@illinois.edu,Female,31.200.130.77
493,Kaylil,Joris,kjorisdo@reverbnation.com,Female,90.90.132.90
494,Rachelle,Yorkston,ryorkstondp@economist.com,Female,108.149.173.21
495,Dasha,Pikett,dpikettdq@people.com.cn,Female,26.111.11.183
496,Sydelle,Patching,spatchingdr@ca.gov,Female,179.210.149.119
497,Frannie,Andryushchenko,fandryushchenkods@prweb.com,Male,254.162.90.108
498,Niels,Bathow,nbathowdt@imgur.com,Male,158.7.61.150
499,Fernandina,Seager,fseagerdu@slideshare.net,Female,201.72.120.28
500,Hedi,Caddie,hcaddiedv@forbes.com,Female,101.203.230.228
501,Bent,Trench,btrenchdw@weather.com,Male,224.75.249.23
502,Phillis,Shatliff,pshatliffdx@blogspot.com,Female,212.129.91.171
503,Steffen,Kersey,skerseydy@bizjournals.com,Male,162.28.153.105
504,Archie,Lademann,alademanndz@ebay.co.uk,Male,235.247.128.105
505,Duff,Cristol,dcristole0@cam.ac.uk,Male,77.112.242.43
506,Jesus,Feldhuhn,jfeldhuhne1@delicious.com,Agender,27.233.94.72
507,Zebulon,Liggett,zliggette2@cargocollective.com,Male,224.227.175.239
508,Vanda,Sendley,vsendleye3@blog.com,Female,222.241.53.101
509,Webster,Cummine,wcumminee4@hibu.com,Male,65.210.162.66
510,Lanette,Pennell,lpennelle5@xing.com,Female,29.17.181.230
511,Cherey,Hillhouse,chillhousee6@cdbaby.com,Female,63.71.143.237
512,Desi,Martusewicz,dmartusewicze7@ameblo.jp,Male,98.34.89.168
513,Abdel,Barthod,abarthode8@bbb.org,Male,231.101.172.193
514,Debor,Sherwen,dsherwene9@exblog.jp,Female,67.132.115.31
515,Ingeberg,Randleson,irandlesonea@hc360.com,Female,218.139.230.222
516,Coletta,Farney,cfarneyeb@latimes.com,Polygender,160.246.156.92
517,Giovanni,Franey,gfraneyec@ca.gov,Male,47.41.180.101
518,Anette,Hairyes,ahairyesed@example.com,Female,227.58.117.43
519,Holden,Blayd,hblaydee@jalbum.net,Male,246.237.46.163
520,Shermie,Tegler,stegleref@wordpress.com,Male,123.29.37.217
521,Ofelia,Luty,olutyeg@stumbleupon.com,Female,208.185.238.235
522,Radcliffe,Deftie,rdeftieeh@creativecommons.org,Male,40.163.31.189
523,Archibold,Matley,amatleyei@princeton.edu,Polygender,2.191.66.245
524,Chevy,O'Doherty,codohertyej@ow.ly,Male,80.159.166.24
525,Marlo,Cerie,mcerieek@telegraph.co.uk,Male,83.218.186.1
526,Ema,MacCaghan,emaccaghanel@list-manage.com,Female,2.44.37.202
527,Rich,Jirzik,rjirzikem@gmpg.org,Male,204.79.88.219
528,Ealasaid,Thornley,ethornleyen@jalbum.net,Female,35.171.177.48
529,Marita,Sey,mseyeo@stanford.edu,Female,239.46.140.44
530,Hedvig,Goford,hgofordep@nationalgeographic.com,Female,202.132.64.243
531,Hyacinthie,Vaune,hvauneeq@ovh.net,Female,7.103.18.121
532,Tirrell,Muschette,tmuschetteer@booking.com,Male,14.208.223.82
533,Raynell,Duncombe,rduncombees@joomla.org,Female,23.43.96.207
534,Jerrold,Staynes,jstayneset@facebook.com,Male,82.171.171.89
535,Cobby,Bibb,cbibbeu@cnet.com,Male,63.86.75.50
536,Gaye,Thireau,gthireauev@sakura.ne.jp,Female,173.218.69.188
537,Siobhan,Martine,smartineew@mit.edu,Female,88.202.63.173
538,Gustav,Spelsbury,gspelsburyex@ebay.com,Male,243.143.188.51
539,Scott,Pfeffle,spfeffleey@blog.com,Male,84.180.186.79
540,Lilla,Megson,lmegsonez@lycos.com,Female,193.131.153.94
541,Lainey,Brion,lbrionf0@jigsy.com,Female,213.188.200.97
542,Dougie,Lyste,dlystef1@hud.gov,Male,62.0.136.150
543,Arabel,Meriot,ameriotf2@goodreads.com,Female,197.205.214.162
544,Mycah,Seed,mseedf3@reference.com,Male,197.195.1.55
545,Stesha,Ottery,sotteryf4@upenn.edu,Female,187.201.153.55
546,Brandy,Danielovitch,bdanielovitchf5@prlog.org,Male,41.43.147.235
547,Alexine,Stocker,astockerf6@ibm.com,Female,187.187.145.181
548,Trumaine,Kivits,tkivitsf7@gnu.org,Male,58.22.43.161
549,Annalee,Klos,aklosf8@twitter.com,Female,247.45.150.32
550,Bertie,Roussell,broussellf9@tripod.com,Female,5.225.185.119
551,Forbes,Sulter,fsulterfa@hostgator.com,Male,12.241.27.134
552,Elyse,Lytle,elytlefb@loc.gov,Female,228.190.228.160
553,Andrus,McFaell,amcfaellfc@yahoo.com,Male,253.115.100.161
554,Nickie,Powlesland,npowleslandfd@ow.ly,Non-binary,166.172.106.1
555,Gabriel,Pickless,gpicklessfe@bluehost.com,Non-binary,197.96.230.138
556,Homer,Defraine,hdefraineff@va.gov,Male,143.139.120.47
557,Peder,McChruiter,pmcchruiterfg@smugmug.com,Male,154.1.47.149
558,Julian,Alford,jalfordfh@imgur.com,Male,5.246.191.62
559,Brenna,Sherbrooke,bsherbrookefi@google.cn,Female,35.105.234.111
560,Willard,Jeandon,wjeandonfj@gnu.org,Male,30.240.86.113
561,Bernadine,Fellon,bfellonfk@1und1.de,Agender,64.228.19.29
562,Lombard,Oaks,loaksfl@comcast.net,Male,94.90.8.104
563,Tally,Lace,tlacefm@shareasale.com,Male,141.234.4.90
564,Brigham,Bointon,bbointonfn@toplist.cz,Male,162.93.166.77
565,Orv,Nanninini,onannininifo@cbc.ca,Male,193.105.161.182
566,Alyssa,Ashforth,aashforthfp@creativecommons.org,Female,86.182.244.115
567,Jed,Dellenbach,jdellenbachfq@alexa.com,Male,35.38.185.88
568,Angel,Lawrenceson,alawrencesonfr@oracle.com,Male,89.9.100.223
569,Batsheva,Haydney,bhaydneyfs@examiner.com,Female,213.219.52.193
570,Monah,Conahy,mconahyft@discuz.net,Female,201.219.43.51
571,Crosby,Dalloway,cdallowayfu@ed.gov,Male,191.228.79.1
572,Millie,Merle,mmerlefv@livejournal.com,Female,9.247.166.100
573,Sibeal,Lace,slacefw@nba.com,Female,214.221.237.178
574,Alasteir,Raithmill,araithmillfx@prweb.com,Male,30.76.130.167
575,Oswald,Brunker,obrunkerfy@cmu.edu,Male,180.162.30.35
576,Markos,Bamford,mbamfordfz@gnu.org,Male,39.254.132.105
577,Martelle,Flacknoe,mflacknoeg0@hhs.gov,Female,231.26.180.44
578,Case,Panther,cpantherg1@ezinearticles.com,Male,150.192.114.124
579,Holden,Kinney,hkinneyg2@nhs.uk,Male,1.19.123.107
580,Elaine,Hunnawill,ehunnawillg3@umn.edu,Polygender,222.195.225.142
581,Gayle,Meyer,gmeyerg4@ted.com,Male,139.104.42.133
582,Allie,Isakovitch,aisakovitchg5@feedburner.com,Female,20.198.250.203
583,Gus,Brunnen,gbrunneng6@ustream.tv,Male,126.40.73.230
584,Raffaello,Marlow,rmarlowg7@wikimedia.org,Male,77.54.51.112
585,Alister,Charlotte,acharlotteg8@jiathis.com,Male,53.97.11.100
586,Carleen,Pohl,cpohlg9@ustream.tv,Female,14.183.80.72
587,Lurlene,Seed,lseedga@latimes.com,Female,96.78.183.136
588,Daphna,Shakle,dshaklegb@stanford.edu,Female,79.243.158.190
589,Hayyim,Betton,hbettongc@last.fm,Male,153.242.2.106
590,Lorene,Twitchett,ltwitchettgd@nydailynews.com,Female,235.234.205.89
591,Vere,Alldridge,valldridgege@huffingtonpost.com,Female,92.204.105.129
592,Carling,Fairhead,cfairheadgf@devhub.com,Male,188.157.82.28
593,Kirk,Mansell,kmansellgg@myspace.com,Male,121.85.220.154
594,Mendie,Dearell,mdearellgh@opensource.org,Male,81.4.132.252
595,Teresa,Rea,treagi@list-manage.com,Female,172.1.187.231
596,Arlyn,Heyburn,aheyburngj@ustream.tv,Female,67.235.100.173
597,Bernard,Cansfield,bcansfieldgk@boston.com,Male,17.12.172.43
598,Abra,Guidelli,aguidelligl@nhs.uk,Female,210.209.153.157
599,Traci,O' Kelleher,tokellehergm@statcounter.com,Female,101.0.86.69
600,Sherry,Feehan,sfeehangn@1688.com,Female,3.72.67.58
601,Erroll,Clementet,eclementetgo@pcworld.com,Male,67.96.206.159
602,Jonas,Hardeman,jhardemangp@wikipedia.org,Male,164.103.124.36
603,Kristine,Willets,kwilletsgq@jiathis.com,Female,62.41.229.234
604,Rustin,Bonnell,rbonnellgr@bloomberg.com,Male,24.5.166.38
605,Brooks,Robyns,brobynsgs@netscape.com,Female,205.106.3.23
606,Sheffie,De Roeck,sderoeckgt@ox.ac.uk,Male,102.52.70.50
607,Irving,Hammerson,ihammersongu@pcworld.com,Male,19.68.20.33
608,Janet,Grigori,jgrigorigv@a8.net,Female,62.135.195.230
609,Neel,Dewsbury,ndewsburygw@spotify.com,Male,240.207.37.169
610,Hube,Lapsley,hlapsleygx@upenn.edu,Male,21.213.30.45
611,Norbert,Kilmaster,nkilmastergy@zdnet.com,Male,146.60.79.192
612,Fraze,Kealey,fkealeygz@storify.com,Male,117.18.51.183
613,Hugo,Paddefield,hpaddefieldh0@oakley.com,Male,171.199.124.87
614,Adolph,Cron,acronh1@statcounter.com,Male,231.179.253.206
615,Lin,Georgiev,lgeorgievh2@berkeley.edu,Male,71.59.103.87
616,Leonid,Scipsey,lscipseyh3@blinklist.com,Male,7.229.185.114
617,Rosina,Welchman,rwelchmanh4@wsj.com,Bigender,230.72.140.136
618,Jessy,Fardy,jfardyh5@liveinternet.ru,Female,109.1.247.115
619,Maddy,Arsmith,marsmithh6@jiathis.com,Female,55.91.31.106
620,Christoper,Bath,cbathh7@apache.org,Male,57.242.112.253
621,Sibylle,Winstanley,swinstanleyh8@scribd.com,Female,195.185.124.194
622,Godart,Stearn,gstearnh9@w3.org,Male,134.0.126.19
623,Granny,Gammel,ggammelha@cargocollective.com,Male,166.210.237.234
624,Denni,Hendrikse,dhendriksehb@e-recht24.de,Female,197.244.153.2
625,Caren,Larmor,clarmorhc@hud.gov,Female,222.198.108.145
626,Marion,Gatiss,mgatisshd@privacy.gov.au,Agender,17.100.146.181
627,Consuela,Van Dijk,cvandijkhe@japanpost.jp,Female,82.126.94.94
628,Karna,Sawbridge,ksawbridgehf@businesswire.com,Female,112.87.199.167
629,Patrice,Hintze,phintzehg@twitter.com,Female,53.139.9.138
630,Marlin,Reinert,mreinerthh@hubpages.com,Male,253.197.161.247
631,Nickie,Temperton,ntempertonhi@yellowbook.com,Female,116.252.80.117
632,Michelina,Northleigh,mnorthleighhj@jiathis.com,Female,41.237.116.63
633,Keary,Culpin,kculpinhk@stanford.edu,Male,67.128.133.78
634,Marchelle,Vicker,mvickerhl@feedburner.com,Female,164.246.87.0
635,Sherwin,Horley,shorleyhm@bloglines.com,Male,56.83.2.200
636,Osborn,Gulk,ogulkhn@zdnet.com,Male,240.43.176.12
637,Bebe,Dredge,bdredgeho@reddit.com,Female,124.141.138.211
638,Sidnee,Knell,sknellhp@jiathis.com,Male,157.153.239.27
639,Craggie,Micklem,cmicklemhq@examiner.com,Male,195.30.80.11
640,Harp,Davidow,hdavidowhr@ftc.gov,Male,58.173.201.134
641,Robert,Lochet,rlocheths@wordpress.com,Male,127.149.93.146
642,Izak,Weekly,iweeklyht@yelp.com,Male,249.203.176.80
643,Fawn,Jozaitis,fjozaitishu@cocolog-nifty.com,Female,97.109.232.232
644,Isobel,Janicki,ijanickihv@geocities.jp,Female,46.67.79.216
645,Myrle,Harker,mharkerhw@mysql.com,Female,69.128.183.97
646,Cinnamon,Allkins,callkinshx@amazon.de,Female,252.147.82.109
647,Osmund,Ondrousek,oondrousekhy@linkedin.com,Non-binary,169.34.172.211
648,Debbi,Bazoge,dbazogehz@free.fr,Female,37.10.23.198
649,Annabell,Jaksic,ajaksici0@geocities.jp,Female,23.248.99.247
650,Stacia,Reding,sredingi1@freewebs.com,Female,66.109.50.27
651,Vanna,Caesman,vcaesmani2@prweb.com,Female,7.127.99.27
652,Tabatha,Gommey,tgommeyi3@networksolutions.com,Female,5.7.57.99
653,Dael,Worms,dwormsi4@phpbb.com,Polygender,92.247.48.156
654,Theodor,Leirmonth,tleirmonthi5@berkeley.edu,Male,157.91.25.54
655,Kerwin,Enrdigo,kenrdigoi6@ycombinator.com,Male,196.223.160.232
656,Mariel,Swanne,mswannei7@microsoft.com,Female,161.63.248.191
657,Germayne,Goodhand,ggoodhandi8@over-blog.com,Male,188.254.212.209
658,Melina,MacAnespie,mmacanespiei9@shop-pro.jp,Polygender,30.77.198.36
659,Lissie,Highman,lhighmania@gizmodo.com,Female,101.129.170.83
660,Ciel,Chiplin,cchiplinib@fotki.com,Female,201.86.236.34
661,Hoebart,Tremellan,htremellanic@prweb.com,Non-binary,103.202.160.81
662,Elka,Brannon,ebrannonid@usa.gov,Female,228.211.121.183
663,Margaux,Cahalan,mcahalanie@tmall.com,Female,228.107.188.171
664,Vern,Wibrew,vwibrewif@dot.gov,Male,227.142.47.114
665,Joyous,Leere,jleereig@tuttocitta.it,Female,185.171.55.174
666,Abelard,Sebyer,asebyerih@163.com,Male,64.28.172.53
667,Kort,Troman,ktromanii@who.int,Male,0.103.171.149
668,Gratia,Humerstone,ghumerstoneij@globo.com,Female,236.176.204.7
669,Shanie,Cathrae,scathraeik@businesswire.com,Female,232.227.8.211
670,Nina,Fookes,nfookesil@sbwire.com,Female,73.159.237.116
671,Dorree,Dwyer,ddwyerim@mit.edu,Female,131.127.28.10
672,Adelle,Dowgill,adowgillin@aol.com,Female,113.183.229.220
673,Troy,Giroldi,tgiroldiio@cloudflare.com,Male,24.186.111.116
674,Hertha,Reubens,hreubensip@newsvine.com,Female,230.248.203.202
675,Pearce,Tomas,ptomasiq@cocolog-nifty.com,Male,25.52.75.101
676,Addison,Baytrop,abaytropir@ftc.gov,Male,10.38.13.26
677,Luca,Dummett,ldummettis@theguardian.com,Male,125.27.144.66
678,Gradeigh,Andreini,gandreiniit@oaic.gov.au,Male,46.44.191.149
679,Edi,Agiolfinger,eagiolfingeriu@washington.edu,Female,66.251.46.100
680,Bear,Streatley,bstreatleyiv@goo.ne.jp,Male,184.208.66.95
681,Barrie,Jarred,bjarrediw@networkadvertising.org,Male,165.209.230.48
682,Grace,Ferenczi,gferencziix@harvard.edu,Agender,71.115.156.191
683,Eba,Grimsdale,egrimsdaleiy@istockphoto.com,Female,93.0.53.0
684,Clayson,Taggert,ctaggertiz@shop-pro.jp,Male,99.18.237.71
685,Livia,Rominov,lrominovj0@furl.net,Female,29.98.73.99
686,Oswald,Cholonin,ocholoninj1@wiley.com,Male,212.41.217.151
687,Lamont,Lamberti,llambertij2@ovh.net,Male,63.79.221.114
688,Chaddy,Guerreru,cguerreruj3@vimeo.com,Male,20.206.121.147
689,Alis,Eckford,aeckfordj4@com.com,Female,86.169.142.231
690,Terrell,Galvin,tgalvinj5@npr.org,Male,239.194.214.125
691,Trixie,Simonetti,tsimonettij6@mozilla.org,Female,133.209.184.40
692,Tades,Antoshin,tantoshinj7@oakley.com,Male,90.64.122.64
693,Austin,Frossell,afrossellj8@vistaprint.com,Genderqueer,229.43.18.72
694,Tabbie,Muller,tmullerj9@pcworld.com,Female,47.146.83.161
695,Jacobo,Averall,javerallja@ameblo.jp,Male,113.107.108.108
696,Jyoti,Cocozza,jcocozzajb@hatena.ne.jp,Female,197.57.72.98
697,Germayne,Circuitt,gcircuittjc@scribd.com,Male,170.181.155.153
698,Abelard,Werendell,awerendelljd@jalbum.net,Agender,170.56.5.47
699,Harlene,Lloyds,hlloydsje@i2i.jp,Female,54.165.126.3
700,Mignonne,Baumford,mbaumfordjf@diigo.com,Female,114.19.124.85
701,Nester,Lamming,nlammingjg@sciencedirect.com,Male,35.74.151.22
702,Barbie,Seamons,bseamonsjh@ycombinator.com,Female,217.72.215.68
703,Pernell,Fouch,pfouchji@sfgate.com,Male,77.40.40.190
704,Leonid,Ollarenshaw,lollarenshawjj@paginegialle.it,Male,97.210.48.202
705,Gypsy,Lodevick,glodevickjk@weather.com,Female,183.214.195.242
706,Judith,Phetteplace,jphetteplacejl@posterous.com,Female,149.249.47.162
707,Theressa,Roelvink,troelvinkjm@storify.com,Female,51.178.180.63
708,Kendall,Padginton,kpadgintonjn@ed.gov,Male,117.73.45.67
709,Rosemarie,Ioselevich,rioselevichjo@slate.com,Female,93.211.93.114
710,Karissa,McMillan,kmcmillanjp@exblog.jp,Female,8.238.197.161
711,Roseanna,Bettinson,rbettinsonjq@booking.com,Female,125.85.179.125
712,Matthieu,McGuigan,mmcguiganjr@example.com,Male,185.73.203.105
713,Tybalt,Skitteral,tskitteraljs@google.de,Male,174.88.134.162
714,Pippo,Raftery,prafteryjt@theguardian.com,Male,207.135.0.45
715,Karly,Siviour,ksiviourju@dailymail.co.uk,Bigender,49.131.62.244
716,Letti,Japp,ljappjv@w3.org,Female,37.240.98.131
717,Korrie,Curwood,kcurwoodjw@jiathis.com,Female,211.27.189.112
718,Mozelle,Boothman,mboothmanjx@npr.org,Female,186.170.27.176
719,Violette,Musterd,vmusterdjy@hc360.com,Female,198.232.76.65
720,Tate,Giovannazzi,tgiovannazzijz@phpbb.com,Male,232.230.76.24
721,Tori,Rabbage,trabbagek0@liveinternet.ru,Female,249.87.165.128
722,Brady,Beevers,bbeeversk1@lulu.com,Male,15.204.142.129
723,Arlette,Beattie,abeattiek2@bluehost.com,Female,82.130.212.181
724,Salome,Crangle,scranglek3@gov.uk,Polygender,132.91.238.41
725,Nial,Attrey,nattreyk4@bluehost.com,Male,202.197.175.199
726,Percival,Jeayes,pjeayesk5@hostgator.com,Male,253.207.67.159
727,Harv,Bog,hbogk6@gmpg.org,Male,198.221.171.233
728,Sheilakathryn,Cohn,scohnk7@china.com.cn,Female,164.24.211.203
729,Allison,Raitt,araittk8@about.me,Female,90.95.164.148
730,Dorthea,Sinyard,dsinyardk9@spotify.com,Female,17.200.81.77
731,Sherwin,Campos,scamposka@ucoz.com,Male,249.225.144.252
732,Bellanca,Houliston,bhoulistonkb@wikia.com,Female,80.144.55.91
733,Berta,Broad,bbroadkc@instagram.com,Female,88.222.35.65
734,Lyn,Fontaine,lfontainekd@businessinsider.com,Female,2.157.66.211
735,Roth,Snozzwell,rsnozzwellke@ocn.ne.jp,Male,100.207.93.79
736,Salaidh,Galilee,sgalileekf@tamu.edu,Female,107.24.139.171
737,Marion,Ollis,molliskg@ovh.net,Male,229.20.212.117
738,Vivia,Starmont,vstarmontkh@usnews.com,Female,81.74.32.30
739,Hannis,Kubu,hkubuki@businessinsider.com,Female,36.190.163.198
740,Erv,Bockman,ebockmankj@wikispaces.com,Male,170.148.156.23
741,Guillermo,Chirm,gchirmkk@hhs.gov,Male,4.15.0.57
742,Andris,Haigh,ahaighkl@utexas.edu,Male,92.32.62.15
743,Kayley,Tabbernor,ktabbernorkm@adobe.com,Female,250.135.12.159
744,Fifi,Havile,fhavilekn@chron.com,Female,159.142.181.206
745,Marquita,Coomes,mcoomesko@howstuffworks.com,Female,223.170.105.74
746,Shela,Larmet,slarmetkp@seesaa.net,Female,84.170.172.91
747,Eolanda,Loding,elodingkq@arizona.edu,Female,210.109.88.32
748,Merrick,Alman,malmankr@xinhuanet.com,Non-binary,214.228.144.43
749,Brion,Colqueran,bcolqueranks@howstuffworks.com,Male,64.87.140.198
750,Kora,German,kgermankt@cafepress.com,Female,111.144.237.39
751,Sigmund,Garling,sgarlingku@over-blog.com,Male,73.10.245.49
752,Christina,Hydes,chydeskv@globo.com,Female,214.34.165.91
753,Shepherd,Nevison,snevisonkw@biblegateway.com,Male,193.85.223.111
754,Rollie,Robertet,rrobertetkx@icq.com,Male,182.124.54.159
755,Fidelia,Coggin,fcogginky@plala.or.jp,Polygender,98.16.250.130
756,Sibley,Walwood,swalwoodkz@adobe.com,Polygender,5.131.228.46
757,Sergent,Perkins,sperkinsl0@gravatar.com,Male,7.96.140.114
758,Jobye,Mansour,jmansourl1@house.gov,Female,255.244.53.202
759,Elmore,Lainton,elaintonl2@gov.uk,Male,170.113.236.3
760,Vivia,Draycott,vdraycottl3@moonfruit.com,Female,124.79.150.76
761,Heriberto,Rickhuss,hrickhussl4@deviantart.com,Genderfluid,154.219.91.223
762,Jacki,Sim,jsiml5@sphinn.com,Female,185.146.208.2
763,Minnaminnie,Altree,maltreel6@forbes.com,Female,195.234.249.210
764,Karia,Nowell,knowelll7@boston.com,Bigender,73.140.79.184
765,Ginni,Shannon,gshannonl8@github.io,Female,204.110.203.97
766,Neils,Dinley,ndinleyl9@google.es,Male,38.60.56.93
767,Sapphire,Ismail,sismailla@meetup.com,Female,124.25.249.123
768,Malchy,Estcot,mestcotlb@arizona.edu,Genderqueer,160.0.107.34
769,Zared,Chuney,zchuneylc@stumbleupon.com,Male,190.110.207.92
770,Skipp,McCheyne,smccheyneld@gmpg.org,Male,214.172.124.43
771,Luz,Faraday,lfaradayle@xing.com,Female,184.187.72.142
772,Barnard,Frankes,bfrankeslf@geocities.jp,Male,42.112.54.75
773,Rosco,Kalisch,rkalischlg@goo.ne.jp,Male,236.88.177.86
774,Margret,Sangra,msangralh@epa.gov,Female,163.75.23.39
775,Vassily,Beteriss,vbeterissli@reverbnation.com,Male,163.244.154.132
776,Wallace,McAreavey,wmcareaveylj@buzzfeed.com,Male,117.121.164.207
777,Erasmus,Timbrell,etimbrelllk@youtu.be,Male,38.228.92.117
778,Nicolis,Mc Elory,nmceloryll@goodreads.com,Polygender,77.108.110.159
779,John,Luton,jlutonlm@cnn.com,Male,102.135.184.252
780,Mei,Frogley,mfrogleyln@wikimedia.org,Female,163.51.79.203
781,Ray,Ledes,rledeslo@telegraph.co.uk,Male,223.56.53.219
782,Marcella,Kunisch,mkunischlp@tinyurl.com,Female,200.102.135.225
783,Waylon,Carmichael,wcarmichaellq@timesonline.co.uk,Polygender,249.254.147.105
784,Henry,Kelley,hkelleylr@edublogs.org,Male,199.139.144.208
785,Lauraine,Heugle,lheuglels@google.co.jp,Female,138.125.59.240
786,Edee,Jimeno,ejimenolt@mapy.cz,Female,165.105.82.129
787,Bengt,Hurton,bhurtonlu@vk.com,Male,211.32.206.226
788,Geordie,Olsson,golssonlv@samsung.com,Male,20.26.222.185
789,Korrie,Osorio,kosoriolw@about.me,Female,39.128.158.147
790,Tore,Clampett,tclampettlx@patch.com,Male,101.209.233.90
791,Rogers,Merrgan,rmerrganly@oaic.gov.au,Male,83.166.87.48
792,Darsey,Brach,dbrachlz@dyndns.org,Female,149.35.62.138
793,Susana,Hitcham,shitchamm0@berkeley.edu,Female,56.253.91.82
794,Leia,Ivanitsa,livanitsam1@craigslist.org,Non-binary,132.207.117.51
795,Cleopatra,McNeillie,cmcneilliem2@google.com,Female,98.160.82.241
796,Anjanette,Petkens,apetkensm3@miibeian.gov.cn,Female,135.118.79.183
797,Etta,Huband,ehubandm4@geocities.jp,Female,120.110.57.49
798,Redford,Abrami,rabramim5@webmd.com,Male,59.166.45.128
799,Caye,Janeway,cjanewaym6@imgur.com,Female,248.203.199.50
800,Vasilis,Collocott,vcollocottm7@chicagotribune.com,Male,155.132.13.85
801,Marnie,Fitzsymon,mfitzsymonm8@columbia.edu,Female,178.209.56.52
802,Burnaby,Libri,blibrim9@sun.com,Male,174.80.71.16
803,Bartholomeo,Broome,bbroomema@walmart.com,Male,85.186.119.130
804,Elinor,Sharman,esharmanmb@independent.co.uk,Female,214.68.210.29
805,Hansiain,Baress,hbaressmc@odnoklassniki.ru,Male,77.192.174.212
806,Munmro,Dark,mdarkmd@ask.com,Non-binary,107.203.234.242
807,Miguel,Le Brum,mlebrumme@g.co,Male,145.8.155.122
808,Grady,Cantrill,gcantrillmf@spiegel.de,Male,189.70.174.144
809,Dorris,Mycock,dmycockmg@trellian.com,Female,121.231.78.171
810,Orelee,Adamec,oadamecmh@dailymotion.com,Female,191.62.106.82
811,Reuben,Clements,rclementsmi@timesonline.co.uk,Male,253.244.66.160
812,Obidiah,Stanbra,ostanbramj@issuu.com,Male,191.147.237.43
813,Vally,Yakubovics,vyakubovicsmk@e-recht24.de,Female,104.66.9.30
814,Ad,Bassilashvili,abassilashviliml@stumbleupon.com,Male,252.137.45.214
815,Emilio,Kettridge,ekettridgemm@acquirethisname.com,Male,216.99.17.178
816,Mirabella,Mahoney,mmahoneymn@webs.com,Female,81.83.117.208
817,Obie,Shore,oshoremo@4shared.com,Male,204.128.48.116
818,Licha,Boggers,lboggersmp@skype.com,Female,45.6.22.213
819,Alvie,Ells,aellsmq@i2i.jp,Male,177.133.125.16
820,Rolfe,Eaves,reavesmr@paypal.com,Male,76.34.240.65
821,Zed,Dust,zdustms@businessweek.com,Non-binary,238.57.114.12
822,Shelagh,Kestle,skestlemt@diigo.com,Female,134.181.130.123
823,Levy,Sleit,lsleitmu@blogger.com,Male,107.0.66.188
824,Merle,Vondrys,mvondrysmv@purevolume.com,Male,91.253.4.199
825,Allen,Willmett,awillmettmw@aboutads.info,Male,100.44.88.171
826,Esmeralda,Markl,emarklmx@reference.com,Genderqueer,210.41.220.67
827,Edmund,Royse,eroysemy@zimbio.com,Male,198.99.243.124
828,Madeline,Stefanovic,mstefanovicmz@a8.net,Female,22.168.229.38
829,Sam,Feveryear,sfeveryearn0@joomla.org,Male,184.34.202.123
830,Melessa,Endrici,mendricin1@chronoengine.com,Female,50.171.102.242
831,Carma,Poynton,cpoyntonn2@zimbio.com,Female,47.142.244.38
832,Zacharia,McQuorkell,zmcquorkelln3@wordpress.com,Male,28.58.219.155
833,Norry,Gerlts,ngerltsn4@usa.gov,Male,80.103.206.67
834,Claudio,Madsen,cmadsenn5@discuz.net,Male,208.66.70.164
835,Garrard,Landall,glandalln6@51.la,Male,136.69.243.161
836,Tabitha,Soppit,tsoppitn7@bloglovin.com,Female,99.124.145.56
837,Beverley,Peasby,bpeasbyn8@blinklist.com,Female,195.216.229.165
838,Myron,Asif,masifn9@dell.com,Male,98.113.156.76
839,Kleon,Devanney,kdevanneyna@webeden.co.uk,Male,14.166.26.39
840,Ag,Odda,aoddanb@example.com,Female,187.192.164.116
841,Sara,Dicte,sdictenc@senate.gov,Female,69.228.28.194
842,Christophorus,Giacomazzo,cgiacomazzond@irs.gov,Male,150.79.16.141
843,Harli,Ambler,hamblerne@paginegialle.it,Female,86.196.56.169
844,Putnem,Trahearn,ptrahearnnf@meetup.com,Male,16.74.240.223
845,Tabby,Buston,tbustonng@fotki.com,Genderqueer,37.63.128.25
846,Lana,Eastman,leastmannh@fotki.com,Female,121.120.240.208
847,Garvey,Geraldi,ggeraldini@example.com,Bigender,3.5.47.154
848,Darsey,Asals,dasalsnj@php.net,Female,193.167.166.132
849,Melvyn,Ciccone,mcicconenk@amazon.co.uk,Male,176.169.8.176
850,Patrice,Ginni,pginninl@wix.com,Male,77.151.183.116
851,Bonita,Kettlewell,bkettlewellnm@tuttocitta.it,Female,85.38.212.131
852,Louisa,Cosgry,lcosgrynn@lulu.com,Bigender,167.179.221.60
853,Sarajane,Spencers,sspencersno@nymag.com,Female,225.75.162.182
854,Quillan,Munton,qmuntonnp@feedburner.com,Male,219.2.124.48
855,Erinn,Maryin,emaryinnq@chron.com,Female,162.207.177.62
856,Peri,Bartolomeu,pbartolomeunr@wired.com,Polygender,52.81.217.39
857,Sissy,Frift,sfriftns@jalbum.net,Genderfluid,117.13.131.129
858,Billy,Burtwistle,bburtwistlent@cdbaby.com,Female,49.166.159.36
859,Duff,Bremmer,dbremmernu@usnews.com,Male,95.53.180.152
860,Marve,Fredson,mfredsonnv@timesonline.co.uk,Male,183.187.190.212
861,Melba,Basillon,mbasillonnw@histats.com,Female,114.125.99.52
862,Hewie,Chalfain,hchalfainnx@latimes.com,Male,20.3.211.158
863,Rodney,Cracoe,rcracoeny@latimes.com,Genderfluid,191.43.45.217
864,Pryce,Perrinchief,pperrinchiefnz@youtu.be,Male,107.181.7.189
865,Teodorico,Hillborne,thillborneo0@theguardian.com,Male,238.41.184.80
866,Cliff,Crannell,ccrannello1@xinhuanet.com,Male,191.22.49.56
867,Poul,Livezley,plivezleyo2@si.edu,Male,144.16.136.41
868,Michaelina,Antonsen,mantonseno3@statcounter.com,Female,192.42.141.19
869,Filippa,Vinden,fvindeno4@ft.com,Female,98.102.217.132
870,Charlotta,Brennan,cbrennano5@1688.com,Female,236.167.22.232
871,Lilyan,Sansome,lsansomeo6@hud.gov,Female,66.132.78.129
872,Seumas,Norcross,snorcrosso7@newsvine.com,Bigender,104.202.210.179
873,Claudius,Wildes,cwildeso8@spiegel.de,Male,194.73.240.87
874,Mellisent,Craighill,mcraighillo9@webeden.co.uk,Female,93.6.190.5
875,Tory,Canlin,tcanlinoa@baidu.com,Female,148.181.197.254
876,Moria,Kendle,mkendleob@so-net.ne.jp,Female,251.122.178.202
877,Urban,Garriock,ugarriockoc@tinypic.com,Male,13.254.87.107
878,Adelbert,Kift,akiftod@examiner.com,Male,16.233.118.255
879,Fidelity,Allanby,fallanbyoe@storify.com,Female,166.61.64.33
880,Wilton,Gilman,wgilmanof@deliciousdays.com,Male,171.219.216.170
881,Amye,Ellacombe,aellacombeog@wikia.com,Female,221.91.129.101
882,Annabal,Linggood,alinggoodoh@newsvine.com,Female,17.49.179.133
883,Dominic,Thursby,dthursbyoi@oakley.com,Male,64.105.242.181
884,Kennie,Beresfore,kberesforeoj@vkontakte.ru,Male,236.109.235.250
885,Graig,Tortoise,gtortoiseok@toplist.cz,Male,159.72.102.255
886,Darleen,Fernanando,dfernanandool@clickbank.net,Female,48.62.28.125
887,Cazzie,Stoter,cstoterom@dot.gov,Male,1.235.107.73
888,Boris,Gilardi,bgilardion@businesswire.com,Male,114.167.15.165
889,Curry,Birt,cbirtoo@ebay.co.uk,Male,111.210.201.210
890,Kinnie,Riccione,kriccioneop@cargocollective.com,Genderqueer,119.165.18.202
891,Angeline,Crosham,acroshamoq@redcross.org,Female,20.132.245.195
892,Opaline,Motion,omotionor@goo.ne.jp,Female,74.21.163.112
893,Sol,Pyser,spyseros@nymag.com,Male,224.46.10.144
894,Weidar,McCook,wmccookot@nymag.com,Male,27.51.158.115
895,Janek,MacTimpany,jmactimpanyou@phoca.cz,Male,64.205.37.224
896,Virgil,Vella,vvellaov@weibo.com,Male,52.133.20.26
897,Shari,Hunston,shunstonow@examiner.com,Female,78.26.220.174
898,Standford,Bruins,sbruinsox@alibaba.com,Male,67.255.243.89
899,Ashlen,Draaisma,adraaismaoy@sogou.com,Female,41.17.140.247
900,Lucian,Baldocci,lbaldoccioz@statcounter.com,Male,189.191.192.39
901,Tresa,Falcus,tfalcusp0@virginia.edu,Female,126.187.79.168
902,Lionello,Kilner,lkilnerp1@ow.ly,Male,11.125.225.77
903,Ewan,Fears,efearsp2@psu.edu,Male,140.176.2.88
904,Henrieta,Pearce,hpearcep3@google.ru,Female,8.61.34.162
905,Hillard,Besemer,hbesemerp4@ask.com,Male,209.22.111.213
906,Lexi,Semechik,lsemechikp5@nbcnews.com,Female,12.186.44.58
907,Clayson,Chewter,cchewterp6@furl.net,Male,68.0.122.16
908,Mortie,Harrold,mharroldp7@bigcartel.com,Male,147.165.43.42
909,Sella,Ayliffe,sayliffep8@wikimedia.org,Female,74.231.115.30
910,Eric,Rayner,eraynerp9@answers.com,Male,43.118.163.113
911,Darla,Lambregts,dlambregtspa@guardian.co.uk,Female,217.63.194.252
912,Quintana,Soreau,qsoreaupb@miibeian.gov.cn,Female,165.94.49.121
913,Lorant,Kirkup,lkirkuppc@ifeng.com,Male,117.134.1.21
914,Marris,Dymoke,mdymokepd@mapquest.com,Female,232.185.112.147
915,Sarajane,Antoniazzi,santoniazzipe@engadget.com,Female,190.206.9.173
916,Kalli,Puttock,kputtockpf@quantcast.com,Genderfluid,239.38.38.72
917,Jessica,Hatchell,jhatchellpg@w3.org,Female,47.1.197.232
918,Elisabetta,Christopherson,echristophersonph@washingtonpost.com,Female,55.59.88.102
919,Harmonie,Vinick,hvinickpi@com.com,Female,59.72.33.130
920,Kennith,Lehr,klehrpj@statcounter.com,Male,98.161.184.16
921,Lemuel,Steabler,lsteablerpk@geocities.com,Male,185.139.17.100
922,Jarred,Moret,jmoretpl@si.edu,Male,33.2.154.176
923,Cathee,Renzini,crenzinipm@google.es,Female,54.40.9.135
924,Justinian,Lothean,jlotheanpn@360.cn,Male,97.49.99.210
925,Pearle,Kemp,pkemppo@huffingtonpost.com,Female,178.70.178.85
926,Artus,Cristofari,acristofaripp@goodreads.com,Male,220.111.41.118
927,Lauren,Cardenosa,lcardenosapq@biglobe.ne.jp,Male,64.42.138.121
928,Port,Winckles,pwincklespr@blogtalkradio.com,Male,10.84.217.63
929,Hali,Fernehough,hfernehoughps@weebly.com,Agender,169.229.216.32
930,Rodney,Ragless,rraglesspt@abc.net.au,Male,47.201.155.16
931,Roxanna,Shevels,rshevelspu@t.co,Female,220.64.213.144
932,Wileen,Glayzer,wglayzerpv@rambler.ru,Female,230.109.81.143
933,Viviyan,Cabotto,vcabottopw@bbc.co.uk,Female,110.20.103.235
934,Basia,Canada,bcanadapx@shutterfly.com,Female,188.37.104.146
935,Korrie,Dower,kdowerpy@bing.com,Female,224.9.109.243
936,Lora,Shank,lshankpz@sphinn.com,Female,47.165.38.239
937,Whitby,Nesbit,wnesbitq0@wordpress.com,Male,140.5.162.182
938,Cinnamon,Keene,ckeeneq1@msn.com,Female,79.181.121.226
939,Kristel,Bedle,kbedleq2@de.vu,Female,121.48.3.74
940,Evelin,Pauleit,epauleitq3@marriott.com,Male,201.176.149.130
941,Ninnetta,Farens,nfarensq4@constantcontact.com,Female,124.175.94.82
942,Annice,Schimke,aschimkeq5@aol.com,Female,175.204.205.243
943,Jacquenette,Segrott,jsegrottq6@washington.edu,Female,145.183.191.241
944,Gayel,Kinkade,gkinkadeq7@theatlantic.com,Female,243.107.155.82
945,Gunilla,Ogilvy,gogilvyq8@uiuc.edu,Female,103.37.151.107
946,Rosy,Tills,rtillsq9@mozilla.com,Female,194.139.113.138
947,Guendolen,Biggerstaff,gbiggerstaffqa@howstuffworks.com,Female,246.176.209.237
948,Claudelle,Rake,crakeqb@angelfire.com,Female,164.181.50.245
949,Adelice,Eberts,aebertsqc@pagesperso-orange.fr,Female,124.69.22.147
950,Bondy,Culver,bculverqd@noaa.gov,Male,237.72.134.241
951,Chloe,Sharplin,csharplinqe@hhs.gov,Female,86.61.224.36
952,Isabella,Betonia,ibetoniaqf@bravesites.com,Female,40.222.3.155
953,Kilian,Cairns,kcairnsqg@usa.gov,Male,136.244.65.249
954,Constantina,O'Keenan,cokeenanqh@goo.ne.jp,Female,159.49.240.29
955,Tobit,Lansbury,tlansburyqi@nymag.com,Male,107.217.238.127
956,Codie,Yegorovnin,cyegorovninqj@bizjournals.com,Non-binary,239.0.43.140
957,Malcolm,Katt,mkattqk@epa.gov,Male,141.146.6.250
958,Bob,Janiak,bjaniakql@google.com.au,Male,70.23.95.55
959,Freeman,Steele,fsteeleqm@aol.com,Male,36.254.70.237
960,Eimile,Shyres,eshyresqn@google.com.hk,Female,138.12.57.38
961,Osbert,Conibear,oconibearqo@youku.com,Male,245.72.159.199
962,Erie,Scutts,escuttsqp@slate.com,Male,34.254.196.194
963,Archaimbaud,Langhorn,alanghornqq@nationalgeographic.com,Male,84.69.221.194
964,Archambault,Lockley,alockleyqr@theguardian.com,Male,75.0.95.158
965,Patty,Ludford,pludfordqs@twitpic.com,Female,126.80.234.2
966,Randy,Lamey,rlameyqt@dmoz.org,Male,50.15.171.149
967,Howard,Philipson,hphilipsonqu@yelp.com,Male,233.42.214.9
968,Karine,Cureton,kcuretonqv@people.com.cn,Female,142.226.2.69
969,Sonia,Bowerman,sbowermanqw@skyrock.com,Female,234.148.112.198
970,Audrie,Partkya,apartkyaqx@seesaa.net,Female,253.187.28.222
971,Vinni,Tousey,vtouseyqy@quantcast.com,Female,209.108.70.136
972,Wes,Foston,wfostonqz@uiuc.edu,Male,141.149.60.238
973,Aretha,Cardon,acardonr0@patch.com,Female,25.41.165.83
974,Crista,Margett,cmargettr1@stanford.edu,Female,10.203.26.229
975,Morganica,Shoard,mshoardr2@cloudflare.com,Female,154.30.147.41
976,Koralle,Fraczkiewicz,kfraczkiewiczr3@baidu.com,Female,101.3.73.192
977,Drucy,Parnham,dparnhamr4@etsy.com,Female,178.118.169.68
978,Lory,Sorrel,lsorrelr5@businesswire.com,Female,253.224.247.104
979,Mata,Deane,mdeaner6@last.fm,Male,128.14.221.65
980,Salem,Oddy,soddyr7@amazon.co.uk,Male,34.167.57.118
981,Sissy,Lozano,slozanor8@mtv.com,Female,136.33.61.8
982,Zebulen,Mundow,zmundowr9@va.gov,Male,225.69.137.105
983,Baron,Taggett,btaggettra@arizona.edu,Male,85.40.100.38
984,Lissa,Isitt,lisittrb@example.com,Genderfluid,114.92.132.3
985,Rosalyn,Van der Kruis,rvanderkruisrc@discuz.net,Female,244.218.243.29
986,Cirstoforo,Biddlestone,cbiddlestonerd@wp.com,Male,102.194.150.34
987,Lennard,Stirman,lstirmanre@oracle.com,Male,64.141.131.126
988,Fanny,Wyeth,fwyethrf@google.co.uk,Agender,105.155.149.180
989,Tomasine,Mc Comb,tmccombrg@oaic.gov.au,Female,191.118.16.215
990,Paulette,McMenemy,pmcmenemyrh@mozilla.org,Non-binary,148.163.89.2
991,Julia,Whitmell,jwhitmellri@ustream.tv,Female,190.101.19.210
992,Melisande,Insworth,minsworthrj@lulu.com,Bigender,26.231.188.240
993,Emera,Hehnke,ehehnkerk@cbslocal.com,Female,42.44.63.236
994,Ajay,Mallindine,amallindinerl@themeforest.net,Female,162.159.246.18
995,Bat,Evitts,bevittsrm@nba.com,Male,56.235.228.207
996,Hailee,Dries,hdriesrn@thetimes.co.uk,Female,100.69.168.24
997,Ciro,Imorts,cimortsro@nyu.edu,Male,251.157.199.174
998,Arlinda,Mulrenan,amulrenanrp@cnet.com,Female,206.170.160.224
999,Barbabas,Yeaman,byeamanrq@squidoo.com,Male,216.99.73.208
1000,Timothee,Balharrie,tbalharrierr@economist.com,Male,144.227.28.191
