id,first_name,last_name,email,gender,ip_address
1,Chucho,Arthurs,carthurs0@desdev.cn,Male,237.206.196.40
2,Rhianon,Offner,roffner1@hc360.com,Female,69.76.70.250
3,Brendis,Scruton,bscruton2@newsvine.com,Male,176.250.62.21
4,Spenser,Boundley,sboundley3@google.com.au,Bigender,90.122.73.240
5,Reyna,Ibanez,ribanez4@epa.gov,Agender,116.18.102.226
6,Pascale,Sandwith,psandwith5@tumblr.com,Male,162.70.207.106
7,Ervin,Josipovitz,ejosipovitz6@mail.ru,Male,148.6.135.56
8,Pansy,Pifford,ppifford7@house.gov,Female,125.18.19.253
9,Tori,Stukings,tstukings8@wordpress.com,Female,133.123.175.44
10,Zared,Hendrix,zhendrix9@histats.com,Male,49.86.142.103
11,Blythe,Chainey,bchaineya@usgs.gov,Female,28.176.61.221
12,Jocelyn,Giff,jgiffb@behance.net,Female,169.233.237.168
13,Cinderella,Zold,czoldc@slashdot.org,Female,15.20.8.216
14,Binni,Dunckley,bdunckleyd@newsvine.com,Female,1.135.203.48
15,Tam,Archibould,tarchiboulde@cpanel.net,Male,28.112.17.8
16,Dulcine,Yoxen,dyoxenf@time.com,Genderfluid,254.196.192.253
17,Meagan,Doram,mdoramg@amazon.co.jp,Female,82.243.158.233
18,Alexandre,Waiting,awaitingh@weebly.com,Male,197.69.28.103
19,Oralee,Getty,ogettyi@is.gd,Female,163.50.9.54
20,Malanie,McPhelimey,mmcphelimeyj@etsy.com,Female,151.175.176.1
21,Krystal,Lucian,kluciank@tripod.com,Female,161.192.212.64
22,Erek,Lawles,elawlesl@noaa.gov,Male,102.248.253.56
23,Christoforo,Downie,cdowniem@1688.com,Male,207.184.139.247
24,Nedi,Eagan,neagann@alibaba.com,Genderfluid,170.58.105.178
25,Ellen,Meader,emeadero@vk.com,Female,134.108.203.123
26,Haily,McGown,hmcgownp@cdbaby.com,Male,33.122.124.36
27,Oberon,Madigan,omadiganq@chronoengine.com,Male,124.255.42.90
28,Esmaria,Snodden,esnoddenr@discovery.com,Female,211.238.55.161
29,Cyrille,Wabersinke,cwabersinkes@unblog.fr,Male,34.24.146.24
30,Jennee,Lefwich,jlefwicht@networksolutions.com,Female,73.180.71.126
31,Gianni,de Cullip,gdecullipu@ow.ly,Male,158.253.64.160
32,Caz,Burgis,cburgisv@rakuten.co.jp,Male,13.213.180.163
33,Thalia,Reston,trestonw@gravatar.com,Female,145.96.123.131
34,Sander,Gierke,sgierkex@deliciousdays.com,Male,176.177.118.166
35,Vitoria,Franies,vfraniesy@umn.edu,Female,83.150.99.160
36,Fields,Solon,fsolonz@flickr.com,Male,72.210.9.97
37,Kiah,Norcutt,knorcutt10@marriott.com,Female,39.20.199.97
38,Karl,Sowter,ksowter11@oaic.gov.au,Male,35.166.86.13
39,Willabella,McAtamney,wmcatamney12@nytimes.com,Female,172.126.233.4
40,Goldi,Achurch,gachurch13@theatlantic.com,Female,202.143.161.237
41,Desi,Ivantsov,divantsov14@tinyurl.com,Male,180.18.94.244
42,Vale,Wildsmith,vwildsmith15@yelp.com,Male,198.113.38.87
43,Nathanael,Kubacki,nkubacki16@hugedomains.com,Male,158.39.255.33
44,Roma,Enrich,renrich17@intel.com,Male,182.113.106.16
45,Leena,O'Lyhane,lolyhane18@examiner.com,Female,79.114.188.21
46,Babs,Sango,bsango19@examiner.com,Female,1.122.234.179
47,Ainslee,O'Gleasane,aogleasane1a@reuters.com,Female,168.107.65.75
48,Charmion,Corking,ccorking1b@eepurl.com,Female,11.140.3.194
49,Nydia,Spaughton,nspaughton1c@who.int,Female,231.162.234.167
50,Olly,Selwyne,oselwyne1d@netscape.com,Female,55.211.64.72
51,Ertha,McCaughen,emccaughen1e@tuttocitta.it,Female,100.58.194.35
52,Netti,Aggiss,naggiss1f@dailymotion.com,Female,210.175.15.252
53,Gunilla,Golt,ggolt1g@last.fm,Female,74.211.37.169
54,Walsh,Gonet,wgonet1h@blogtalkradio.com,Male,245.81.117.162
55,Matelda,Rundall,mrundall1i@yellowpages.com,Female,133.145.54.63
56,Lem,Eddisforth,leddisforth1j@google.it,Male,102.49.216.45
57,Wat,Leedal,wleedal1k@examiner.com,Male,186.54.123.41
58,Chandra,Colbourn,ccolbourn1l@microsoft.com,Polygender,108.121.82.211
59,Jilly,Snawden,jsnawden1m@pbs.org,Female,178.126.244.16
60,Lydie,Wellman,lwellman1n@mapquest.com,Female,35.233.72.212
61,Armin,Awton,aawton1o@newsvine.com,Male,207.72.174.196
62,Bailey,Guihen,bguihen1p@auda.org.au,Male,35.179.131.152
63,Emily,Fife,efife1q@princeton.edu,Female,68.51.108.220
64,Laurie,Mcsarry,lmcsarry1r@tinypic.com,Female,80.177.58.226
65,Jocelin,Selesnick,jselesnick1s@sakura.ne.jp,Female,75.39.246.55
66,Payton,Stoving,pstoving1t@prlog.org,Genderqueer,162.79.149.28
67,Bertrand,Cornau,bcornau1u@eventbrite.com,Male,18.57.253.253
68,Ainsley,Leyland,aleyland1v@nps.gov,Female,167.3.182.8
69,Sonnie,Lyte,slyte1w@wikipedia.org,Female,124.126.52.130
70,Veronique,Jowers,vjowers1x@icq.com,Female,21.135.220.33
71,Davis,Dundendale,ddundendale1y@feedburner.com,Male,167.137.150.21
72,Cam,Swales,cswales1z@feedburner.com,Female,1.162.255.109
73,Jerrie,Ripping,jripping20@webmd.com,Polygender,93.188.37.104
74,Reine,Blodgett,rblodgett21@cornell.edu,Female,194.178.79.101
75,Danit,Vakhrushin,dvakhrushin22@answers.com,Female,218.237.44.26
76,Berri,Popeley,bpopeley23@rediff.com,Female,242.195.153.109
77,Forster,Vanelli,fvanelli24@drupal.org,Male,160.126.180.186
78,Chilton,Caldayrou,ccaldayrou25@uiuc.edu,Male,224.153.145.42
79,Humphrey,McGuirk,hmcguirk26@google.com.br,Male,69.148.110.140
80,Polly,Salzberger,psalzberger27@xing.com,Female,187.7.44.236
81,Ulrick,Ilyin,uilyin28@pbs.org,Male,110.40.71.159
82,Chelsey,Oake,coake29@canalblog.com,Female,216.190.28.93
83,Miller,Quinnelly,mquinnelly2a@cdc.gov,Male,56.198.132.250
84,Kattie,McElmurray,kmcelmurray2b@cnbc.com,Female,156.99.206.216
85,Ennis,Steynor,esteynor2c@vk.com,Male,116.121.207.20
86,Marsha,Diver,mdiver2d@woothemes.com,Female,186.90.233.241
87,Jeanie,Hamerton,jhamerton2e@moonfruit.com,Female,71.31.224.87
88,Stillman,Oxbrow,soxbrow2f@nasa.gov,Male,55.206.128.221
89,Kale,Garard,kgarard2g@pinterest.com,Male,159.50.192.122
90,Mag,Osgerby,mosgerby2h@kickstarter.com,Female,124.132.74.46
91,Armand,Bendley,abendley2i@miibeian.gov.cn,Male,44.188.44.82
92,Mar,Farrears,mfarrears2j@amazon.com,Male,171.50.205.88
93,Dex,Winpenny,dwinpenny2k@google.fr,Male,241.3.139.213
94,Tyson,Boller,tboller2l@blogger.com,Male,116.140.94.31
95,Kristine,Vaillant,kvaillant2m@thetimes.co.uk,Female,25.230.37.42
96,Kalle,Triggel,ktriggel2n@dell.com,Male,150.135.93.49
97,Cherida,Billyard,cbillyard2o@phoca.cz,Female,141.71.159.215
98,Cozmo,Champe,cchampe2p@rediff.com,Male,121.71.106.90
99,Melisa,Merriott,mmerriott2q@sun.com,Female,177.247.236.174
100,Sydney,Royse,sroyse2r@shutterfly.com,Male,217.211.96.248
101,Zared,Balnaves,zbalnaves2s@123-reg.co.uk,Male,155.161.85.169
102,Lynde,Baty,lbaty2t@reuters.com,Female,93.209.129.176
103,Nat,Pllu,npllu2u@dagondesign.com,Female,222.8.197.241
104,Benito,De Domenico,bdedomenico2v@google.nl,Male,12.22.41.162
105,Noah,Ricioppo,nricioppo2w@de.vu,Bigender,186.110.189.22
106,Alexa,Sleeford,asleeford2x@deviantart.com,Female,131.170.223.248
107,Lita,Klarzynski,lklarzynski2y@livejournal.com,Female,232.225.10.91
108,Brice,Turnbull,bturnbull2z@yahoo.com,Male,112.88.160.91
109,Dulcine,McChruiter,dmcchruiter30@w3.org,Female,75.15.74.250
110,Conny,Crolla,ccrolla31@ning.com,Female,137.26.220.62
111,Rudolph,Caven,rcaven32@t-online.de,Male,100.83.79.134
112,Kit,Shoesmith,kshoesmith33@accuweather.com,Male,44.90.142.158
113,Aleece,Marcome,amarcome34@mapy.cz,Agender,86.4.237.154
114,Hoyt,Savidge,hsavidge35@alibaba.com,Male,115.204.17.229
115,Hurlee,Fardy,hfardy36@zdnet.com,Male,210.47.0.164
116,Trixie,Cafferty,tcafferty37@bizjournals.com,Female,26.75.124.192
117,Hall,Tolle,htolle38@netscape.com,Male,90.255.6.93
118,Esteban,Poulsen,epoulsen39@arizona.edu,Genderqueer,17.174.223.179
119,Nollie,Heselwood,nheselwood3a@linkedin.com,Female,110.88.89.146
120,Riley,Lovell,rlovell3b@mozilla.com,Male,134.46.116.0
121,Nan,Ross,nross3c@shop-pro.jp,Female,113.34.99.225
122,Ruthy,Durno,rdurno3d@biblegateway.com,Female,221.12.133.10
123,Sharl,De La Cote,sdelacote3e@ifeng.com,Female,35.47.148.246
124,Kristyn,Asquith,kasquith3f@slideshare.net,Female,66.174.76.23
125,Meade,Giovani,mgiovani3g@shop-pro.jp,Male,144.1.8.209
126,Winston,Bullick,wbullick3h@apple.com,Male,15.124.176.94
127,Don,Kleeborn,dkleeborn3i@bluehost.com,Male,153.123.145.19
128,Joceline,Garces,jgarces3j@jigsy.com,Female,12.91.145.189
129,Packston,Valenta,pvalenta3k@oakley.com,Male,45.110.19.0
130,Pierre,Brodbin,pbrodbin3l@ucla.edu,Male,11.89.73.211
131,Hobart,Bucksey,hbucksey3m@wikispaces.com,Male,125.171.147.66
132,Siusan,St Leger,sstleger3n@desdev.cn,Female,165.195.197.40
133,James,Jerzykiewicz,jjerzykiewicz3o@gravatar.com,Male,63.38.183.190
134,Elyssa,Whitlock,ewhitlock3p@netscape.com,Genderfluid,236.194.211.11
135,Violetta,Umpleby,vumpleby3q@addtoany.com,Female,141.33.206.203
136,Emerson,Pender,epender3r@edublogs.org,Male,22.50.23.197
137,Raphael,Craig,rcraig3s@artisteer.com,Male,111.83.132.66
138,Boyce,Martindale,bmartindale3t@artisteer.com,Male,19.115.248.127
139,Keely,Carey,kcarey3u@ifeng.com,Non-binary,185.190.219.187
140,Henry,Scane,hscane3v@msu.edu,Male,178.20.91.46
141,Suzie,Camelin,scamelin3w@webeden.co.uk,Female,80.7.251.141
142,Tucky,Vaune,tvaune3x@wix.com,Male,132.121.195.101
143,Zonnya,Goodyer,zgoodyer3y@biblegateway.com,Female,185.190.5.149
144,Eartha,Whittier,ewhittier3z@aol.com,Female,55.151.21.74
145,Raddy,Yardy,ryardy40@geocities.com,Genderfluid,186.147.110.137
146,Malynda,Astill,mastill41@amazonaws.com,Female,27.254.9.137
147,Danica,Trow,dtrow42@chronoengine.com,Female,240.140.89.222
148,Imogen,Babidge,ibabidge43@networksolutions.com,Female,107.159.97.43
149,Findley,Havis,fhavis44@shareasale.com,Male,31.189.58.58
150,Gasparo,Younge,gyounge45@globo.com,Male,243.52.152.215
151,Sapphira,Addams,saddams46@mlb.com,Female,96.13.229.83
152,Rona,Eyre,reyre47@nps.gov,Female,183.133.111.255
153,Durante,Shemwell,dshemwell48@intel.com,Male,58.110.211.238
154,Enrichetta,Camp,ecamp49@google.nl,Female,10.35.37.74
155,Garret,Wainman,gwainman4a@hubpages.com,Male,251.19.150.134
156,Erika,Torry,etorry4b@hatena.ne.jp,Female,37.107.216.133
157,Nobe,Sher,nsher4c@t-online.de,Male,52.237.24.75
158,Lamar,Gradwell,lgradwell4d@china.com.cn,Male,205.27.236.199
159,Ephraim,Craine,ecraine4e@tuttocitta.it,Male,61.74.101.142
160,Hy,Skipperbottom,hskipperbottom4f@toplist.cz,Male,188.131.29.218
161,Bartram,McAlarney,bmcalarney4g@is.gd,Male,228.143.210.155
162,Jackqueline,Butchard,jbutchard4h@deviantart.com,Female,201.58.199.166
163,Tadeo,Chattell,tchattell4i@surveymonkey.com,Male,50.210.187.165
164,Jeanne,Gibbings,jgibbings4j@nps.gov,Female,22.40.157.251
165,Elnore,Kohter,ekohter4k@ebay.com,Non-binary,54.123.125.42
166,Yoshi,Sainsbury-Brown,ysainsburybrown4l@mozilla.org,Female,142.160.21.99
167,Kellie,Deek,kdeek4m@admin.ch,Female,103.244.166.125
168,Lewie,Crecy,lcrecy4n@facebook.com,Male,182.108.93.225
169,Wake,Johncey,wjohncey4o@bravesites.com,Male,31.53.83.61
170,Nester,Noon,nnoon4p@vistaprint.com,Male,71.171.108.161
171,Jackelyn,McInility,jmcinility4q@yolasite.com,Female,177.137.56.68
172,Guido,Heys,gheys4r@si.edu,Male,168.229.6.207
173,Desiri,Gilfoyle,dgilfoyle4s@vinaora.com,Female,139.253.150.94
174,Almire,Bittlestone,abittlestone4t@java.com,Female,27.90.89.230
175,Jerry,Francescone,jfrancescone4u@harvard.edu,Male,70.220.104.179
176,Virgil,Hutable,vhutable4v@psu.edu,Male,90.154.70.107
177,Davita,Guinane,dguinane4w@zimbio.com,Female,100.107.157.17
178,Marysa,Halwell,mhalwell4x@w3.org,Female,147.165.230.60
179,Bunnie,Gerrell,bgerrell4y@ycombinator.com,Female,239.65.175.136
180,Lazarus,Trencher,ltrencher4z@hostgator.com,Male,93.53.128.160
181,Simona,Furbank,sfurbank50@apple.com,Female,16.242.71.209
182,Matias,Corradetti,mcorradetti51@reference.com,Male,188.63.28.5
183,Kerri,Peeters,kpeeters52@nsw.gov.au,Female,136.212.238.26
184,Natividad,Stollard,nstollard53@jigsy.com,Female,61.122.99.180
185,Lucais,Smidmor,lsmidmor54@myspace.com,Male,234.116.164.182
186,Lutero,O'Hannay,lohannay55@nbcnews.com,Male,40.214.3.174
187,Danie,Blow,dblow56@imgur.com,Male,78.78.61.192
188,Viki,Kopje,vkopje57@ed.gov,Female,181.221.19.183
189,Domingo,Pearcehouse,dpearcehouse58@bbc.co.uk,Male,170.66.17.227
190,Sheffield,Bassick,sbassick59@wisc.edu,Male,106.82.27.61
191,Reta,Domke,rdomke5a@amazon.de,Female,206.146.253.172
192,Klara,Delagnes,kdelagnes5b@census.gov,Female,66.116.130.45
193,Kyla,Corderoy,kcorderoy5c@cisco.com,Female,173.35.100.183
194,Coleen,Rickarsey,crickarsey5d@freewebs.com,Female,87.210.126.89
195,Alida,Krinks,akrinks5e@ibm.com,Female,148.222.211.67
196,Beverlie,Bugge,bbugge5f@usnews.com,Female,68.58.84.76
197,Mychal,Charnock,mcharnock5g@github.io,Male,94.188.68.29
198,Tracie,Ashall,tashall5h@unesco.org,Male,238.202.149.91
199,Joann,Zannuto,jzannuto5i@typepad.com,Female,194.107.219.78
200,Bennie,Hussell,bhussell5j@ed.gov,Male,174.21.122.98
201,Derry,Muzzi,dmuzzi5k@senate.gov,Male,255.207.145.216
202,Kerwinn,Dumingos,kdumingos5l@ucsd.edu,Genderqueer,225.55.36.154
203,Shae,Colbertson,scolbertson5m@sakura.ne.jp,Female,200.177.55.17
204,Gunter,Stefi,gstefi5n@istockphoto.com,Genderfluid,44.200.182.18
205,Irwin,Bouldstridge,ibouldstridge5o@privacy.gov.au,Male,41.151.19.56
206,Perren,Kite,pkite5p@usnews.com,Genderqueer,75.128.233.52
207,Milton,L'Archer,mlarcher5q@printfriendly.com,Male,37.231.200.96
208,Vidovik,Bernardotte,vbernardotte5r@chronoengine.com,Male,225.118.23.222
209,Edgard,Fontelles,efontelles5s@adobe.com,Male,128.41.67.75
210,Nero,Timpany,ntimpany5t@ucsd.edu,Male,96.149.2.211
211,Toma,Bleue,tbleue5u@hugedomains.com,Female,43.93.134.227
212,Denis,Steger,dsteger5v@umich.edu,Male,228.51.243.231
213,Iver,Kaygill,ikaygill5w@live.com,Male,254.30.179.151
214,Easter,Kibbee,ekibbee5x@example.com,Female,143.151.166.144
215,Jamey,Coke,jcoke5y@census.gov,Male,40.121.243.152
216,Adey,Cusack,acusack5z@desdev.cn,Female,242.113.150.127
217,Kari,Anthona,kanthona60@tamu.edu,Bigender,85.27.49.247
218,Caresa,Raleston,craleston61@people.com.cn,Female,67.111.131.189
219,Guinna,de Guerre,gdeguerre62@yahoo.co.jp,Female,190.15.199.155
220,Dominick,Cogle,dcogle63@rediff.com,Bigender,144.132.242.113
221,Costa,Dive,cdive64@tinypic.com,Male,118.196.176.63
222,Vidovik,Walkowski,vwalkowski65@vinaora.com,Male,146.175.77.83
223,Adham,Collumbell,acollumbell66@tripadvisor.com,Male,143.55.178.230
224,Gaylene,McCrachen,gmccrachen67@bbb.org,Female,29.199.23.57
225,Corella,Giorgioni,cgiorgioni68@jimdo.com,Female,111.28.186.85
226,Giacopo,Orrom,gorrom69@pen.io,Bigender,196.59.196.8
227,Cookie,Ickov,cickov6a@bing.com,Female,59.87.121.241
228,Valentino,Rothon,vrothon6b@unicef.org,Male,64.112.71.4
229,Melany,Jeckell,mjeckell6c@odnoklassniki.ru,Polygender,222.242.253.175
230,Amalie,Hutchcraft,ahutchcraft6d@wikispaces.com,Female,22.185.128.26
231,Harriett,Landy,hlandy6e@shareasale.com,Female,235.80.151.46
232,Tasia,Lount,tlount6f@ow.ly,Female,122.99.185.84
233,Denver,Chess,dchess6g@thetimes.co.uk,Male,183.102.27.202
234,Harrison,Sanger,hsanger6h@topsy.com,Male,34.222.212.114
235,Maximo,Sidwell,msidwell6i@histats.com,Male,98.58.91.23
236,Darnell,Frichley,dfrichley6j@webs.com,Male,75.219.31.2
237,Burl,Baynes,bbaynes6k@prlog.org,Male,207.194.106.184
238,Dorothy,MacGiolla,dmacgiolla6l@omniture.com,Female,107.197.49.96
239,Patty,Caroli,pcaroli6m@washingtonpost.com,Male,22.28.17.237
240,Irwin,Ludron,iludron6n@github.io,Male,35.190.116.173
241,Alexandrina,Wellman,awellman6o@com.com,Female,255.223.113.151
242,Lenore,Wybrow,lwybrow6p@delicious.com,Female,185.25.140.224
243,Evin,Skaif,eskaif6q@noaa.gov,Male,237.120.157.175
244,Filide,Maryan,fmaryan6r@nba.com,Female,63.191.78.190
245,Raychel,McGinlay,rmcginlay6s@hatena.ne.jp,Female,94.55.172.97
246,Maurita,Rashleigh,mrashleigh6t@forbes.com,Female,150.217.191.203
247,Filide,Houldin,fhouldin6u@unblog.fr,Female,155.56.117.124
248,Zarah,Cavell,zcavell6v@engadget.com,Polygender,234.18.1.155
249,Rowe,Viste,rviste6w@prnewswire.com,Female,34.249.162.58
250,Faunie,Wainscot,fwainscot6x@histats.com,Female,146.71.52.72
251,Christoforo,Borsi,cborsi6y@instagram.com,Male,2.231.212.46
252,Ephrayim,Buyers,ebuyers6z@storify.com,Male,92.170.202.149
253,Ivar,Kemell,ikemell70@qq.com,Male,247.59.226.207
254,Alfie,Cast,acast71@businessweek.com,Male,172.77.15.115
255,Elsworth,Mordey,emordey72@networkadvertising.org,Male,212.95.99.92
256,Yolanthe,Farmar,yfarmar73@pinterest.com,Bigender,210.219.150.204
257,Ardith,Cristofano,acristofano74@ameblo.jp,Female,113.168.240.129
258,Alicia,Hain,ahain75@loc.gov,Genderqueer,130.143.186.253
259,Alli,Botley,abotley76@wordpress.org,Female,229.124.14.54
260,Lonee,Iaduccelli,liaduccelli77@webnode.com,Female,115.140.168.192
261,Lelah,Jurkowski,ljurkowski78@yandex.ru,Female,90.70.51.194
262,Ichabod,Hopewell,ihopewell79@usa.gov,Male,240.114.162.57
263,Matias,Gormley,mgormley7a@tamu.edu,Male,102.148.118.103
264,Bald,Goaley,bgoaley7b@google.es,Male,19.50.144.33
265,Reginald,Oakinfold,roakinfold7c@accuweather.com,Male,12.18.225.23
266,Walsh,Ginger,wginger7d@altervista.org,Male,155.7.222.192
267,Sashenka,Witherop,switherop7e@nih.gov,Female,182.223.35.61
268,Derrik,Suche,dsuche7f@un.org,Male,99.21.101.211
269,Bianka,Drawmer,bdrawmer7g@cpanel.net,Female,207.22.22.7
270,Annabel,De Benedictis,adebenedictis7h@yellowpages.com,Female,75.168.202.206
271,Sloan,Ritch,sritch7i@columbia.edu,Male,121.115.87.60
272,Elvina,Liddy,eliddy7j@163.com,Female,79.211.55.125
273,Bordie,Burren,bburren7k@deviantart.com,Male,33.249.101.211
274,Christophorus,McMullen,cmcmullen7l@cpanel.net,Male,160.88.2.189
275,Lanie,Ellaway,lellaway7m@pinterest.com,Male,161.156.47.161
276,Mariquilla,Gleave,mgleave7n@usgs.gov,Non-binary,28.151.15.170
277,Kare,Giacomini,kgiacomini7o@google.co.jp,Female,193.44.3.179
278,Terri,Allitt,tallitt7p@twitter.com,Male,24.97.100.16
279,Nicoline,Plinck,nplinck7q@va.gov,Female,227.221.254.103
280,Stanwood,Stiell,sstiell7r@shinystat.com,Male,228.197.83.172
281,Ralf,Luten,rluten7s@elegantthemes.com,Male,198.228.128.93
282,Patricio,Brosnan,pbrosnan7t@ihg.com,Agender,98.214.154.237
283,Valentino,Ehlerding,vehlerding7u@wiley.com,Male,253.113.115.5
284,Adelle,Penticost,apenticost7v@pagesperso-orange.fr,Female,227.61.62.105
285,Natale,Mellmoth,nmellmoth7w@biblegateway.com,Male,75.165.95.65
286,Stafford,Collcutt,scollcutt7x@cafepress.com,Male,243.74.105.231
287,Jess,Cowgill,jcowgill7y@xing.com,Female,236.59.45.88
288,Allard,Madgin,amadgin7z@who.int,Male,224.240.224.124
289,Cynthea,McCafferky,cmccafferky80@surveymonkey.com,Female,201.88.253.209
290,Abrahan,Ballinghall,aballinghall81@imageshack.us,Male,214.98.11.165
291,Thayne,Spieght,tspieght82@state.tx.us,Male,40.189.151.79
292,Bernarr,Jollands,bjollands83@php.net,Male,184.115.109.211
293,Vance,Spare,vspare84@opera.com,Male,124.25.192.193
294,Nicoli,Ianelli,nianelli85@deliciousdays.com,Female,185.141.12.148
295,Diann,Douty,ddouty86@cdbaby.com,Non-binary,77.2.83.102
296,Gianni,Astill,gastill87@ocn.ne.jp,Male,85.111.248.195
297,Renata,Hulson,rhulson88@yellowpages.com,Female,60.16.243.80
298,Culver,Durrant,cdurrant89@liveinternet.ru,Male,80.152.222.227
299,Allen,Itzak,aitzak8a@cmu.edu,Male,68.152.2.194
300,Moise,Maine,mmaine8b@cbc.ca,Male,103.145.152.189
301,Smitty,Gai,sgai8c@mapquest.com,Male,51.27.5.58
302,Ceil,Fridlington,cfridlington8d@unicef.org,Female,58.228.144.175
303,Wang,Janecek,wjanecek8e@meetup.com,Male,217.161.59.236
304,Jenny,Davern,jdavern8f@dell.com,Agender,127.252.143.84
305,Artus,Bidgood,abidgood8g@cloudflare.com,Male,96.247.162.129
306,Vick,Bozworth,vbozworth8h@va.gov,Male,101.152.35.47
307,Baxie,Pagitt,bpagitt8i@ustream.tv,Male,80.230.187.21
308,Augy,Mangin,amangin8j@usnews.com,Agender,221.222.236.253
309,Wadsworth,Huxstep,whuxstep8k@wired.com,Male,111.113.180.165
310,Tarrah,Carek,tcarek8l@icq.com,Female,47.96.224.233
311,Dominica,Russam,drussam8m@dell.com,Female,182.198.67.127
312,Hinze,Dyer,hdyer8n@japanpost.jp,Male,239.21.39.201
313,Glory,Rowden,growden8o@woothemes.com,Female,249.31.165.148
314,Monah,Ramm,mramm8p@woothemes.com,Female,227.2.247.191
315,Geoffrey,Coyte,gcoyte8q@pcworld.com,Male,23.243.243.251
316,Jodi,Scandwright,jscandwright8r@xinhuanet.com,Agender,127.86.223.212
317,Nikki,Devonshire,ndevonshire8s@samsung.com,Male,44.184.216.14
318,Yovonnda,Penrose,ypenrose8t@cbslocal.com,Female,189.242.164.95
319,Libbie,Delhanty,ldelhanty8u@amazon.de,Agender,22.167.10.189
320,Imelda,Sesser,isesser8v@google.ca,Female,142.182.64.167
321,Meade,Snarr,msnarr8w@smugmug.com,Female,64.74.172.12
322,Noelyn,Igoe,nigoe8x@plala.or.jp,Female,101.206.248.183
323,Meredith,Percival,mpercival8y@seesaa.net,Male,48.150.48.110
324,Wilbur,Lendon,wlendon8z@jimdo.com,Male,106.160.213.44
325,Mignon,Dyble,mdyble90@tinypic.com,Female,248.227.129.221
326,Jayme,Ong,jong91@vinaora.com,Female,218.7.0.183
327,Angelo,Lowne,alowne92@techcrunch.com,Polygender,248.215.134.131
328,Brandy,Fehely,bfehely93@goo.ne.jp,Male,145.1.74.171
329,Cchaddie,Domb,cdomb94@tmall.com,Male,197.241.59.16
330,Daveen,Trythall,dtrythall95@dedecms.com,Genderfluid,220.183.133.245
331,Del,Kesteven,dkesteven96@angelfire.com,Male,68.24.29.250
332,Petr,Claffey,pclaffey97@samsung.com,Male,72.172.97.189
333,Cullan,McEvay,cmcevay98@gov.uk,Male,200.213.110.219
334,Fonsie,Carryer,fcarryer99@ftc.gov,Genderqueer,94.144.72.166
335,Drucill,Rands,drands9a@blogger.com,Female,93.146.105.238
336,Gaylene,Le Borgne,gleborgne9b@multiply.com,Female,202.155.65.77
337,Myrlene,McWilliams,mmcwilliams9c@usda.gov,Female,112.157.174.139
338,Bing,Bleaden,bbleaden9d@ted.com,Male,99.176.250.63
339,Robbi,Trever,rtrever9e@blogger.com,Female,122.0.186.102
340,Nathalie,Bauchop,nbauchop9f@pcworld.com,Female,198.168.220.26
341,Welsh,Dood,wdood9g@acquirethisname.com,Male,193.17.127.19
342,Tobe,Combes,tcombes9h@e-recht24.de,Male,15.173.198.75
343,Marne,Zanardii,mzanardii9i@chronoengine.com,Non-binary,226.45.27.90
344,Jason,Furneaux,jfurneaux9j@hao123.com,Male,52.224.121.158
345,Aldwin,Maharry,amaharry9k@mozilla.com,Male,138.223.160.176
346,Liz,Antwis,lantwis9l@newyorker.com,Female,233.38.242.111
347,Torr,Fisby,tfisby9m@ow.ly,Male,128.68.202.120
348,Flem,Bromidge,fbromidge9n@nationalgeographic.com,Male,243.99.238.187
349,Wilhelm,Kimmings,wkimmings9o@mashable.com,Male,42.220.182.30
350,Guntar,Ralfe,gralfe9p@examiner.com,Male,123.91.241.205
351,Cherice,Reicherz,creicherz9q@webmd.com,Female,146.77.221.86
352,Sanford,Sonner,ssonner9r@fda.gov,Male,202.98.74.245
353,Theda,Emanuele,temanuele9s@dmoz.org,Female,245.155.38.103
354,Janek,Pietzner,jpietzner9t@ftc.gov,Male,204.140.65.2
355,Izabel,Longridge,ilongridge9u@studiopress.com,Female,124.211.73.94
356,Kerri,Honisch,khonisch9v@army.mil,Female,83.105.175.229
357,Paul,Picford,ppicford9w@delicious.com,Male,217.84.102.242
358,Robby,Leece,rleece9x@mysql.com,Female,14.199.24.135
359,Goldina,Saiens,gsaiens9y@omniture.com,Bigender,112.225.191.113
360,Webster,Covelle,wcovelle9z@cdbaby.com,Male,132.212.42.188
361,Cornall,Penzer,cpenzera0@ox.ac.uk,Male,111.211.202.210
362,Fernandina,Greendale,fgreendalea1@rambler.ru,Genderfluid,183.28.108.35
363,Daffy,Mate,dmatea2@nbcnews.com,Female,173.171.105.238
364,Robin,Dewi,rdewia3@miitbeian.gov.cn,Male,88.216.248.139
365,Marla,Ianne,miannea4@php.net,Female,34.215.153.35
366,Nadeen,Studholme,nstudholmea5@issuu.com,Female,200.21.230.236
367,Pace,Beakes,pbeakesa6@boston.com,Male,82.33.152.114
368,Eldridge,Shorter,eshortera7@sciencedirect.com,Male,95.126.238.14
369,Suzanna,Fierman,sfiermana8@guardian.co.uk,Female,208.136.58.86
370,Winfred,Turland,wturlanda9@zdnet.com,Non-binary,28.133.198.174
371,Mychal,Wellsman,mwellsmanaa@tamu.edu,Genderfluid,31.84.44.189
372,Constantino,Burtwell,cburtwellab@google.it,Male,99.75.204.152
373,Son,Lazarus,slazarusac@ftc.gov,Male,97.248.134.37
374,Claire,Uc,cucad@hugedomains.com,Male,241.115.10.40
375,Faythe,Dilon,fdilonae@bbb.org,Female,190.197.248.84
376,Andreas,Piscopo,apiscopoaf@howstuffworks.com,Male,187.209.189.69
377,Westleigh,Linscott,wlinscottag@nbcnews.com,Male,141.176.51.200
378,Clary,Maving,cmavingah@go.com,Female,150.221.151.133
379,Datha,Petford,dpetfordai@discuz.net,Female,206.13.88.161
380,Matteo,Godier,mgodieraj@mozilla.org,Male,66.60.178.196
381,Frederigo,Speirs,fspeirsak@github.io,Male,216.63.229.65
382,Peggy,Leipelt,pleipeltal@youtube.com,Female,157.44.99.37
383,Malory,Vass,mvassam@yellowpages.com,Female,49.161.104.226
384,Hebert,Bemlott,hbemlottan@cmu.edu,Male,17.181.46.66
385,Kittie,Swyre,kswyreao@ning.com,Female,49.48.14.73
386,Ronny,Kolczynski,rkolczynskiap@vinaora.com,Male,115.225.227.150
387,Konstanze,Attoe,kattoeaq@shareasale.com,Female,131.185.216.84
388,Stanfield,Matevushev,smatevushevar@sourceforge.net,Male,210.31.15.182
389,Bruis,Bevington,bbevingtonas@techcrunch.com,Male,213.120.167.30
390,Felisha,Lindsey,flindseyat@creativecommons.org,Female,191.11.176.41
391,Wolfy,Stebbings,wstebbingsau@biblegateway.com,Male,142.66.226.99
392,Maddalena,Southern,msouthernav@ustream.tv,Female,60.244.71.112
393,Elinore,Bingley,ebingleyaw@nih.gov,Female,114.82.142.73
394,Cyndie,Ca,ccaax@wikimedia.org,Female,148.81.55.187
395,Mahmud,Gunn,mgunnay@indiatimes.com,Male,4.147.134.68
396,Vivianne,Bickmore,vbickmoreaz@foxnews.com,Female,191.100.30.80
397,Selle,Greves,sgrevesb0@github.com,Female,81.188.183.226
398,Bearnard,Comoletti,bcomolettib1@vistaprint.com,Male,40.21.5.191
399,Wake,McPhelimy,wmcphelimyb2@mtv.com,Genderqueer,8.213.62.114
400,Gideon,Welland,gwellandb3@answers.com,Male,102.209.124.154
401,Ernaline,Pyne,epyneb4@chronoengine.com,Non-binary,189.170.83.181
402,Diannne,Piddletown,dpiddletownb5@intel.com,Female,133.95.99.132
403,Carolan,Trenfield,ctrenfieldb6@bluehost.com,Female,183.203.128.6
404,Ignacio,Gomery,igomeryb7@pcworld.com,Male,172.187.179.61
405,Lutero,Harring,lharringb8@tripod.com,Male,252.24.55.248
406,Salomon,Ewell,sewellb9@github.io,Male,86.211.82.167
407,Neely,McCarle,nmccarleba@vinaora.com,Female,69.207.142.137
408,Ashly,Izacenko,aizacenkobb@friendfeed.com,Female,128.6.243.29
409,Mariele,Haack,mhaackbc@squarespace.com,Genderfluid,113.155.135.238
410,Kayle,Mecchi,kmecchibd@taobao.com,Female,42.157.112.244
411,Elana,Stitfall,estitfallbe@hatena.ne.jp,Female,26.47.161.227
412,Gerek,Wines,gwinesbf@mlb.com,Male,255.87.123.174
413,Hillary,Middlewick,hmiddlewickbg@free.fr,Male,126.2.182.43
414,Axe,Baldick,abaldickbh@facebook.com,Male,34.82.249.64
415,Claudette,Spellacey,cspellaceybi@geocities.jp,Female,122.190.113.81
416,Margret,Mollon,mmollonbj@patch.com,Female,21.245.185.239
417,Edithe,Bleackly,ebleacklybk@ed.gov,Genderfluid,148.136.37.47
418,Esmeralda,Coo,ecoobl@upenn.edu,Female,209.240.137.220
419,Hermina,Selkirk,hselkirkbm@prlog.org,Female,33.27.127.111
420,Hayward,Greschik,hgreschikbn@newsvine.com,Male,114.225.163.50
421,Ferne,Van T'Hoog,fvanthoogbo@mit.edu,Female,77.104.203.50
422,Sella,Selwyn,sselwynbp@nih.gov,Female,71.26.129.159
423,Benjamen,Fosberry,bfosberrybq@smh.com.au,Male,43.188.210.173
424,Cullie,Bramah,cbramahbr@businesswire.com,Male,191.87.24.157
425,Perri,Rider,priderbs@woothemes.com,Female,77.84.138.250
426,Sayer,Sandercroft,ssandercroftbt@webs.com,Male,99.209.0.252
427,Rad,Cantle,rcantlebu@flavors.me,Male,147.242.22.26
428,Nanete,Siward,nsiwardbv@time.com,Bigender,112.182.78.56
429,Dorian,Brise,dbrisebw@cbc.ca,Male,153.10.82.85
430,Jessalyn,Gatherell,jgatherellbx@google.co.jp,Female,102.92.143.45
431,Dar,Gillyatt,dgillyattby@youku.com,Polygender,185.70.132.77
432,Ella,Pedlingham,epedlinghambz@constantcontact.com,Female,205.18.31.74
433,Martin,Carabet,mcarabetc0@google.fr,Male,61.32.106.10
434,Dorie,Treffry,dtreffryc1@de.vu,Male,57.42.47.113
435,Bernhard,Mauger,bmaugerc2@qq.com,Male,15.249.228.249
436,Jena,Surr,jsurrc3@cmu.edu,Female,148.137.128.66
437,Caleb,Faro,cfaroc4@ezinearticles.com,Polygender,241.64.113.209
438,Jennine,Reynault,jreynaultc5@dropbox.com,Female,102.93.115.123
439,Howard,Brunker,hbrunkerc6@blog.com,Male,211.30.207.121
440,Jenny,Roder,jroderc7@ebay.co.uk,Female,139.234.18.159
441,Curtice,Wellbeloved,cwellbelovedc8@goodreads.com,Male,83.10.36.16
442,Keefe,Bedminster,kbedminsterc9@taobao.com,Male,70.122.156.23
443,Dacey,MacAscaidh,dmacascaidhca@foxnews.com,Non-binary,3.172.143.179
444,Starlin,Rolfi,srolficb@paypal.com,Female,145.186.209.246
445,Letitia,Pumphrey,lpumphreycc@instagram.com,Female,30.126.2.180
446,Yolane,Gyrgorwicx,ygyrgorwicxcd@unicef.org,Female,155.176.134.31
447,Cyrill,Glowach,cglowachce@state.gov,Male,219.160.201.30
448,Brewer,Fiveash,bfiveashcf@digg.com,Male,144.208.186.7
449,Benn,Radenhurst,bradenhurstcg@redcross.org,Male,161.250.187.78
450,Michal,Markushkin,mmarkushkinch@ifeng.com,Male,213.220.120.154
451,Antonius,Madrell,amadrellci@bbc.co.uk,Male,14.68.224.82
452,Stephine,Poolton,spooltoncj@cnet.com,Female,225.226.218.59
453,Brewer,Brocklesby,bbrocklesbyck@theatlantic.com,Male,150.120.91.205
454,Melina,Van Saltsberg,mvansaltsbergcl@ycombinator.com,Female,212.180.142.241
455,Regan,Caley,rcaleycm@state.tx.us,Male,177.142.249.184
456,Bessy,Piddlehinton,bpiddlehintoncn@wikia.com,Female,145.4.254.53
457,Brit,Piesing,bpiesingco@uol.com.br,Female,37.234.53.152
458,Sharlene,Muselli,smusellicp@usnews.com,Female,179.77.49.106
459,Wain,Jerrim,wjerrimcq@freewebs.com,Male,238.141.35.147
460,Sherie,Hounson,shounsoncr@tmall.com,Female,31.230.19.196
461,Yul,Downton,ydowntoncs@addthis.com,Male,242.87.49.91
462,Karl,Snewin,ksnewinct@tmall.com,Male,168.75.55.212
463,Bridie,McGibbon,bmcgibboncu@wufoo.com,Female,42.112.160.225
464,Ellene,Hugill,ehugillcv@bbb.org,Agender,40.103.25.143
465,Duncan,Goodwins,dgoodwinscw@goodreads.com,Male,199.96.15.239
466,Madelle,Midgley,mmidgleycx@google.de,Female,158.79.214.73
467,Marv,Bruckental,mbruckentalcy@gnu.org,Male,164.171.9.74
468,Gaylor,Vowell,gvowellcz@pagesperso-orange.fr,Male,171.198.219.139
469,Ogdon,Temblett,otemblettd0@edublogs.org,Male,32.128.191.115
470,Mort,Bythell,mbythelld1@posterous.com,Male,164.234.198.136
471,Asher,Garmston,agarmstond2@tinyurl.com,Male,211.63.178.107
472,Tarrah,McMurty,tmcmurtyd3@sina.com.cn,Female,165.252.210.194
473,Maryrose,Baddoe,mbaddoed4@parallels.com,Agender,229.244.103.252
474,Fred,Martinovsky,fmartinovskyd5@imdb.com,Male,116.75.39.54
475,Vickie,Tellenbach,vtellenbachd6@nifty.com,Female,117.201.199.112
476,Laurent,Brent,lbrentd7@eventbrite.com,Male,16.219.159.114
477,Morgen,O'Hern,mohernd8@reddit.com,Female,135.205.125.47
478,Georgena,Gallihaulk,ggallihaulkd9@utexas.edu,Female,131.111.45.226
479,Randolph,Molen,rmolenda@guardian.co.uk,Male,125.124.49.183
480,Price,Loffill,ploffilldb@ihg.com,Male,102.55.71.188
481,Hymie,Junifer,hjuniferdc@shareasale.com,Male,65.67.76.66
482,Barton,Franchi,bfranchidd@washingtonpost.com,Male,242.37.103.233
483,Niccolo,Faulo,nfaulode@blogspot.com,Male,199.17.51.83
484,Yetty,Lillo,ylillodf@google.cn,Bigender,199.109.192.58
485,Baily,Robeson,brobesondg@marketwatch.com,Male,176.179.246.88
486,Florentia,Puxley,fpuxleydh@wikimedia.org,Female,10.96.214.0
487,Hersch,Lemary,hlemarydi@chron.com,Male,150.2.167.31
488,Dix,McCaughren,dmccaughrendj@imdb.com,Female,215.138.170.163
489,Kellby,Garshore,kgarshoredk@webmd.com,Male,7.75.222.19
490,Nathalie,Corneljes,ncorneljesdl@walmart.com,Female,29.78.9.50
491,Correy,Faill,cfailldm@cbslocal.com,Male,46.96.90.169
492,Hakeem,Chatten,hchattendn@dailymotion.com,Male,46.65.17.85
493,Ethelbert,Cheel,echeeldo@blogger.com,Male,98.77.254.40
494,Sharl,Faro,sfarodp@nps.gov,Female,134.160.140.134
495,Kimberly,Liebmann,kliebmanndq@bloglovin.com,Female,37.93.146.108
496,Dewitt,Rhodes,drhodesdr@joomla.org,Male,135.197.7.52
497,Ferdy,Salandino,fsalandinods@wordpress.org,Male,34.204.59.110
498,Pauletta,Macer,pmacerdt@homestead.com,Female,86.7.41.9
499,Cindelyn,Ricold,cricolddu@nasa.gov,Female,64.230.101.58
500,Valli,Brazur,vbrazurdv@wp.com,Female,32.115.255.2
501,Lane,Kamenar,lkamenardw@google.cn,Male,152.188.32.156
502,Chrissy,Dallison,cdallisondx@irs.gov,Male,72.46.134.209
503,Baudoin,Fishley,bfishleydy@usnews.com,Male,146.227.203.110
504,Bjorn,Ciccarello,bciccarellodz@ed.gov,Male,67.87.162.115
505,Stormy,Pitrelli,spitrellie0@cnn.com,Genderfluid,174.28.114.175
506,Nickie,Abrahamoff,nabrahamoffe1@nature.com,Male,227.94.248.62
507,Shandra,Haszard,shaszarde2@freewebs.com,Female,147.163.239.1
508,Cleon,Bain,cbaine3@weibo.com,Male,233.83.87.224
509,Dennie,Hudd,dhudde4@cisco.com,Female,91.79.231.242
510,Maisie,McTrustey,mmctrusteye5@deliciousdays.com,Female,74.40.211.56
511,Ilise,Baddow,ibaddowe6@dion.ne.jp,Female,48.173.35.122
512,Woodrow,Flea,wfleae7@hibu.com,Male,90.206.20.3
513,Lorraine,Jaime,ljaimee8@wordpress.com,Female,31.179.75.38
514,Ty,Rennles,trennlese9@twitpic.com,Male,179.76.125.242
515,Fritz,Pantry,fpantryea@baidu.com,Male,88.116.229.248
516,Onfre,Santon,osantoneb@wiley.com,Male,127.57.241.177
517,Shannen,Kinvan,skinvanec@webmd.com,Female,197.241.85.88
518,Genia,Cutchey,gcutcheyed@scribd.com,Female,215.214.13.48
519,Adore,Povele,apoveleee@unicef.org,Female,237.100.252.142
520,Deborah,Valasek,dvalasekef@amazon.de,Female,229.42.187.249
521,Calida,Shorie,cshorieeg@chronoengine.com,Female,186.226.228.54
522,Yoshi,Veregan,yvereganeh@blogspot.com,Female,120.71.85.222
523,Candie,Rupert,crupertei@google.com.au,Female,192.1.229.77
524,Rebecka,Frawley,rfrawleyej@hostgator.com,Female,148.222.103.110
525,Mollee,Margetson,mmargetsonek@nature.com,Female,153.140.232.112
526,Orrin,Chedzoy,ochedzoyel@auda.org.au,Male,124.130.39.23
527,Alicia,MacGilpatrick,amacgilpatrickem@exblog.jp,Female,155.26.95.46
528,Ettie,Bryan,ebryanen@simplemachines.org,Genderqueer,19.116.168.177
529,Bobine,Lineen,blineeneo@theglobeandmail.com,Female,81.90.122.242
530,Flint,Dawidsohn,fdawidsohnep@wisc.edu,Male,191.198.203.106
531,Nerti,Devorill,ndevorilleq@delicious.com,Female,245.140.161.133
532,Tally,Kydd,tkydder@github.com,Male,155.29.141.74
533,Kamilah,McIlraith,kmcilraithes@cisco.com,Genderqueer,129.131.127.113
534,Carlyle,Simonini,csimoniniet@moonfruit.com,Male,197.140.118.57
535,Dale,Skett,dsketteu@moonfruit.com,Female,165.96.58.111
536,Deva,Gitting,dgittingev@techcrunch.com,Female,20.207.10.190
537,Colin,Bartlosz,cbartloszew@odnoklassniki.ru,Male,207.222.232.100
538,Lanni,Snodin,lsnodinex@spiegel.de,Female,13.24.193.17
539,Wynny,Allingham,wallinghamey@example.com,Female,75.190.232.84
540,Ericha,Weeke,eweekeez@vk.com,Agender,222.162.0.87
541,Gannie,Swyne,gswynef0@imgur.com,Male,78.221.44.143
542,Lane,Madden,lmaddenf1@whitehouse.gov,Male,139.71.84.224
543,Adeline,Hedges,ahedgesf2@twitter.com,Female,187.118.231.117
544,Vinson,Rollings,vrollingsf3@theglobeandmail.com,Male,219.103.194.96
545,Adan,Airlie,aairlief4@pen.io,Male,143.53.0.54
546,Kienan,Wynes,kwynesf5@networkadvertising.org,Agender,28.235.239.6
547,Sarge,Bente,sbentef6@ow.ly,Male,61.2.68.243
548,Bernie,Nurny,bnurnyf7@skyrock.com,Male,17.174.36.83
549,Micky,Snoddon,msnoddonf8@google.nl,Male,104.108.79.0
550,Efrem,Grouen,egrouenf9@discovery.com,Male,247.106.226.249
551,Agathe,Watling,awatlingfa@ycombinator.com,Female,172.125.139.198
552,Dare,Pinnegar,dpinnegarfb@omniture.com,Male,97.188.55.46
553,Aaron,Pottell,apottellfc@nydailynews.com,Male,186.237.91.109
554,Dore,Blaksley,dblaksleyfd@cnet.com,Female,46.236.16.171
555,Karel,Rottcher,krottcherfe@washingtonpost.com,Female,179.220.93.188
556,Guenevere,Ghiron,gghironff@npr.org,Female,244.144.66.48
557,Emmet,Mattingley,emattingleyfg@linkedin.com,Male,50.16.142.231
558,Darryl,Bletsoe,dbletsoefh@scribd.com,Female,250.160.79.118
559,Phillie,Ferrettini,pferrettinifi@facebook.com,Female,176.75.114.185
560,Chariot,Steed,csteedfj@facebook.com,Male,173.119.171.31
561,Iosep,Burless,iburlessfk@abc.net.au,Male,22.176.111.133
562,Cathlene,Maren,cmarenfl@sphinn.com,Female,255.98.0.251
563,Carolina,Coronas,ccoronasfm@yolasite.com,Female,82.195.24.204
564,Milka,McWhin,mmcwhinfn@answers.com,Female,40.171.35.127
565,Florian,Dodgshon,fdodgshonfo@bloglovin.com,Male,140.15.127.114
566,Hi,Mamwell,hmamwellfp@sogou.com,Male,11.80.21.151
567,Arlen,Castri,acastrifq@gizmodo.com,Female,142.165.48.251
568,Esme,Wellbank,ewellbankfr@cornell.edu,Male,93.158.193.194
569,Jordana,Greyes,jgreyesfs@com.com,Female,226.206.240.102
570,Leticia,Kevane,lkevaneft@oakley.com,Female,91.186.34.97
571,Wenona,Rochell,wrochellfu@sciencedirect.com,Female,57.124.14.217
572,Lanni,Langton,llangtonfv@geocities.jp,Female,43.37.255.131
573,Ryun,Banting,rbantingfw@taobao.com,Male,61.200.19.19
574,Paige,Shortt,pshorttfx@trellian.com,Male,180.227.140.190
575,Hershel,Jimenez,hjimenezfy@npr.org,Male,20.127.222.172
576,Jude,Santo,jsantofz@umich.edu,Non-binary,165.15.139.158
577,Legra,Burstow,lburstowg0@ihg.com,Agender,175.166.122.237
578,Christian,Ramel,cramelg1@wordpress.com,Male,36.59.55.58
579,Donnie,Duncklee,ddunckleeg2@nymag.com,Male,37.36.145.173
580,Vassily,Bastie,vbastieg3@vistaprint.com,Male,17.135.171.202
581,Cart,Yoxen,cyoxeng4@sogou.com,Male,59.192.145.181
582,Fawnia,Avrahamoff,favrahamoffg5@furl.net,Female,196.175.88.152
583,Sadella,Sheirlaw,ssheirlawg6@phoca.cz,Female,208.33.195.186
584,Christophe,Pirdy,cpirdyg7@live.com,Male,105.182.224.213
585,Jeri,Hammatt,jhammattg8@hao123.com,Female,144.20.228.193
586,Jud,Praten,jprateng9@mozilla.com,Male,39.45.105.163
587,Elladine,Davenport,edavenportga@webs.com,Female,155.199.22.133
588,Tibold,Aspinal,taspinalgb@usatoday.com,Male,75.113.131.228
589,Christie,Crookston,ccrookstongc@phpbb.com,Male,223.221.137.123
590,Yolanda,MacDonald,ymacdonaldgd@icq.com,Female,15.37.179.21
591,Elise,Boddymead,eboddymeadge@usda.gov,Female,15.23.244.202
592,Dino,Guilliland,dguillilandgf@posterous.com,Male,173.50.109.224
593,Margaux,Roblin,mroblingg@dropbox.com,Female,153.149.156.95
594,Benny,McMaster,bmcmastergh@japanpost.jp,Female,167.183.183.36
595,Briano,MacKall,bmackallgi@dedecms.com,Male,173.244.187.109
596,Sebastien,Bleasby,sbleasbygj@topsy.com,Male,35.172.211.245
597,Darnell,Tamburi,dtamburigk@indiegogo.com,Male,133.112.1.78
598,Hal,Slipper,hslippergl@hp.com,Male,29.0.239.139
599,Zared,Diack,zdiackgm@kickstarter.com,Male,88.53.56.149
600,Dare,Barsham,dbarshamgn@phoca.cz,Male,140.49.116.191
601,Fin,Kusick,fkusickgo@apple.com,Male,117.195.186.59
602,Marcia,Kemitt,mkemittgp@shinystat.com,Female,149.79.188.1
603,Christie,Devanney,cdevanneygq@nba.com,Female,238.125.9.57
604,Shelden,O'Sculley,sosculleygr@nps.gov,Male,132.233.127.22
605,Wyatan,Osinin,wosinings@cnn.com,Male,217.82.210.220
606,Sly,Parley,sparleygt@shinystat.com,Male,255.247.209.103
607,Michaella,Darkins,mdarkinsgu@engadget.com,Female,73.195.168.181
608,Cull,Lafferty,claffertygv@sakura.ne.jp,Male,169.38.142.99
609,Viole,Cullen,vcullengw@tripod.com,Female,193.141.64.248
610,Fredelia,Pinnere,fpinneregx@paginegialle.it,Female,163.199.165.121
611,Crysta,Roscam,croscamgy@accuweather.com,Non-binary,152.76.59.178
612,Prince,Hewins,phewinsgz@github.com,Male,244.220.11.97
613,Katy,Newport,knewporth0@bbb.org,Female,47.85.177.20
614,Anya,Dyson,adysonh1@vistaprint.com,Female,197.35.56.198
615,Mick,Newe,mneweh2@51.la,Male,154.5.122.250
616,Shayna,Robbey,srobbeyh3@exblog.jp,Female,172.174.249.189
617,Rosella,Seymark,rseymarkh4@sun.com,Female,237.135.101.220
618,Krista,Matteotti,kmatteottih5@who.int,Female,181.23.103.184
619,Aprilette,MacNeilage,amacneilageh6@ft.com,Female,147.114.109.103
620,Burch,Kiddle,bkiddleh7@wikimedia.org,Genderfluid,105.88.61.41
621,Jarib,Meineken,jmeinekenh8@google.pl,Male,126.84.15.88
622,Orella,Leas,oleash9@hubpages.com,Female,249.58.67.224
623,Caleb,Chantree,cchantreeha@t.co,Male,185.68.244.63
624,Westbrook,Argile,wargilehb@hud.gov,Male,169.142.142.52
625,Charity,Pawden,cpawdenhc@nhs.uk,Female,254.192.183.194
626,Mord,Siegertsz,msiegertszhd@hud.gov,Male,29.82.214.16
627,Darin,Garcia,dgarciahe@spiegel.de,Male,79.120.39.0
628,Caroline,Broschke,cbroschkehf@last.fm,Female,126.184.119.91
629,Drusy,Hoodlass,dhoodlasshg@craigslist.org,Female,117.169.226.161
630,Karla,Yeliashev,kyeliashevhh@ask.com,Female,249.86.100.175
631,Christopher,Libermore,clibermorehi@technorati.com,Male,150.194.146.226
632,Carline,Dibner,cdibnerhj@google.fr,Genderqueer,186.233.0.212
633,Burt,Ledner,blednerhk@bbc.co.uk,Male,221.51.151.15
634,Cobbie,Giovannetti,cgiovannettihl@newsvine.com,Male,239.187.36.186
635,Paige,Juorio,pjuoriohm@theatlantic.com,Female,221.241.153.59
636,Abramo,Ranald,aranaldhn@theguardian.com,Male,59.208.28.130
637,Tristan,Claremont,tclaremontho@bandcamp.com,Male,12.162.245.46
638,Franzen,Cassella,fcassellahp@last.fm,Male,213.253.155.124
639,Cedric,Hathorn,chathornhq@wp.com,Male,71.15.49.155
640,Alidia,Pinchback,apinchbackhr@ibm.com,Female,229.67.57.171
641,Elsa,Gransden,egransdenhs@blogger.com,Female,238.174.109.198
642,Alfons,Gaytor,agaytorht@kickstarter.com,Male,117.97.253.198
643,Maurita,Sapey,msapeyhu@icq.com,Female,29.202.100.93
644,Curran,Dye,cdyehv@ocn.ne.jp,Male,116.198.138.200
645,Erina,O'Gorman,eogormanhw@woothemes.com,Genderqueer,216.157.103.231
646,Alanah,Lusher,alusherhx@cocolog-nifty.com,Female,100.252.50.94
647,Alford,Ipwell,aipwellhy@nps.gov,Male,185.151.157.158
648,Kelwin,Selkirk,kselkirkhz@photobucket.com,Male,15.207.135.242
649,Ignazio,Salomon,isalomoni0@omniture.com,Male,231.236.147.85
650,Quincy,Lenz,qlenzi1@a8.net,Male,160.96.73.202
651,Erich,Hrihorovich,ehrihorovichi2@github.io,Male,101.186.35.75
652,Cos,Glendinning,cglendinningi3@goo.gl,Male,14.97.198.212
653,Robby,Eudall,reudalli4@alibaba.com,Male,148.238.247.214
654,Rollie,Thuillier,rthuillieri5@domainmarket.com,Male,115.6.4.160
655,Carline,Bassham,cbasshami6@sfgate.com,Female,233.42.6.1
656,Meredithe,Arnaut,marnauti7@dropbox.com,Female,151.107.196.229
657,Victoria,Ellissen,vellisseni8@va.gov,Female,118.52.18.72
658,Matthew,Slimmon,mslimmoni9@cnbc.com,Male,186.250.194.104
659,Karalee,Payze,kpayzeia@simplemachines.org,Female,128.156.122.13
660,Wynny,Baline,wbalineib@bloomberg.com,Genderqueer,53.181.172.143
661,Rosalinda,Macy,rmacyic@utexas.edu,Female,52.254.164.194
662,Lin,Shambrook,lshambrookid@ibm.com,Agender,213.11.175.186
663,Sauncho,Gairdner,sgairdnerie@flavors.me,Male,145.130.22.119
664,Clement,Brettell,cbrettellif@artisteer.com,Male,184.247.111.230
665,Cirstoforo,Matula,cmatulaig@blinklist.com,Male,13.65.166.249
666,Sutherland,Sinclar,ssinclarih@devhub.com,Male,204.251.54.71
667,Danette,Standidge,dstandidgeii@php.net,Female,79.173.231.161
668,Ellynn,Durnin,edurninij@independent.co.uk,Female,208.157.228.231
669,Katee,Gronow,kgronowik@java.com,Female,126.47.96.154
670,Pascale,Blakeley,pblakeleyil@miitbeian.gov.cn,Male,12.213.110.235
671,Pren,Kidby,pkidbyim@senate.gov,Male,58.66.253.164
672,Thorvald,Dowzell,tdowzellin@last.fm,Male,249.216.213.251
673,Ainslie,Sore,asoreio@umn.edu,Female,23.74.208.91
674,Leonore,Wimpress,lwimpressip@shareasale.com,Female,227.89.80.119
675,Letitia,Trenholm,ltrenholmiq@naver.com,Female,34.130.89.30
676,Mia,Hedditeh,mhedditehir@drupal.org,Female,127.9.18.69
677,Jere,Sywell,jsywellis@mozilla.org,Male,81.178.224.45
678,Roxane,Koeppe,rkoeppeit@mayoclinic.com,Female,242.250.34.121
679,Alexi,Viger,avigeriu@cmu.edu,Female,82.115.255.200
680,Ina,Northedge,inorthedgeiv@nsw.gov.au,Female,100.3.146.35
681,Othilie,Melly,omellyiw@creativecommons.org,Female,113.144.140.70
682,Ansel,Varnham,avarnhamix@webs.com,Male,59.63.150.44
683,Audrye,Schultheiss,aschultheissiy@skyrock.com,Female,215.190.147.8
684,Tabbie,Tebald,ttebaldiz@ow.ly,Male,218.176.215.19
685,Teri,Haston,thastonj0@issuu.com,Genderfluid,245.87.69.178
686,Willa,Vigietti,wvigiettij1@paypal.com,Female,201.124.57.21
687,Lacie,Stonestreet,lstonestreetj2@marketwatch.com,Female,90.132.184.17
688,Duky,Romain,dromainj3@icio.us,Male,148.139.175.49
689,Anne-corinne,Scolli,ascollij4@cloudflare.com,Female,252.217.7.166
690,Travus,Abbet,tabbetj5@businessweek.com,Male,92.236.60.156
691,Easter,Cicetti,ecicettij6@cdbaby.com,Female,39.20.50.208
692,Kitti,Corey,kcoreyj7@berkeley.edu,Female,130.152.162.113
693,Sibley,Hryncewicz,shryncewiczj8@w3.org,Female,172.165.52.205
694,Neil,Bates,nbatesj9@cbsnews.com,Male,234.193.176.211
695,Jeremias,Whitehair,jwhitehairja@loc.gov,Male,172.235.241.62
696,Chaddy,Bulford,cbulfordjb@prweb.com,Male,174.113.147.60
697,Weston,Prandini,wprandinijc@businessinsider.com,Male,243.43.66.95
698,Alexei,Huddle,ahuddlejd@linkedin.com,Male,170.7.150.180
699,Miguelita,Geillier,mgeillierje@forbes.com,Female,214.102.122.164
700,Fredericka,Garbutt,fgarbuttjf@ning.com,Female,180.156.39.96
701,Ermanno,Tolfrey,etolfreyjg@edublogs.org,Male,121.23.23.244
702,Tersina,Taylorson,ttaylorsonjh@unc.edu,Female,237.43.105.43
703,Frank,Edwards,fedwardsji@youku.com,Male,197.206.195.170
704,Kip,Cowe,kcowejj@gizmodo.com,Female,104.244.145.178
705,Iver,Filintsev,ifilintsevjk@engadget.com,Male,122.216.104.105
706,Orbadiah,Carlill,ocarlilljl@tripadvisor.com,Male,116.114.234.248
707,Vince,Averall,vaveralljm@weebly.com,Male,130.165.131.112
708,Sunny,Cokely,scokelyjn@comcast.net,Female,117.146.255.159
709,Wendall,Bosanko,wbosankojo@youtu.be,Male,108.25.191.105
710,Marketa,Dyerson,mdyersonjp@webmd.com,Female,179.18.244.213
711,Barnebas,Phythien,bphythienjq@tamu.edu,Male,137.138.20.64
712,Elenore,Mullins,emullinsjr@yandex.ru,Female,177.229.138.26
713,Guss,Schimmang,gschimmangjs@moonfruit.com,Male,0.179.242.87
714,Wakefield,Trustrie,wtrustriejt@huffingtonpost.com,Male,250.128.49.121
715,Roddie,Dukelow,rdukelowju@apache.org,Male,65.227.180.125
716,Beniamino,Blythe,bblythejv@bing.com,Male,142.4.114.109
717,Roderigo,Beals,rbealsjw@imageshack.us,Male,246.93.44.200
718,Rudy,Hembery,rhemberyjx@bloomberg.com,Male,61.236.144.149
719,Karie,Reicherz,kreicherzjy@paginegialle.it,Female,51.146.33.223
720,Editha,Stegell,estegelljz@ameblo.jp,Female,196.113.190.180
721,Lorrie,Disbrow,ldisbrowk0@cocolog-nifty.com,Male,182.59.76.176
722,Theodore,Caldaro,tcaldarok1@typepad.com,Male,234.110.188.153
723,Lulu,Rushmare,lrushmarek2@instagram.com,Female,119.0.247.155
724,Clemmie,Sterland,csterlandk3@economist.com,Bigender,133.206.11.104
725,Eddie,Daldan,edaldank4@nih.gov,Male,173.159.112.124
726,Kellina,Dudny,kdudnyk5@newyorker.com,Female,33.123.88.148
727,Forster,Mosedall,fmosedallk6@yale.edu,Male,213.248.118.68
728,Halsy,Gladwell,hgladwellk7@hibu.com,Male,78.16.254.214
729,Bret,Hebden,bhebdenk8@un.org,Male,157.232.217.86
730,Nicola,Edgeworth,nedgeworthk9@google.com,Male,72.219.107.125
731,Kissee,Andreichik,kandreichikka@imdb.com,Genderfluid,88.108.226.79
732,Beverley,Mohun,bmohunkb@etsy.com,Female,43.153.68.103
733,Tiffani,Counter,tcounterkc@boston.com,Female,143.183.67.27
734,Winslow,Burwood,wburwoodkd@accuweather.com,Male,166.64.179.68
735,Dalston,Toppin,dtoppinke@va.gov,Male,10.132.95.236
736,Grantley,Riglesford,griglesfordkf@google.ru,Male,153.10.2.188
737,Leo,Wellwood,lwellwoodkg@php.net,Male,84.81.219.210
738,Jeremie,Bardwell,jbardwellkh@mozilla.com,Male,223.42.109.137
739,Ailbert,Jenking,ajenkingki@forbes.com,Male,119.219.82.46
740,Trace,Feldharker,tfeldharkerkj@domainmarket.com,Male,217.80.116.153
741,Maritsa,Graalman,mgraalmankk@gizmodo.com,Female,156.193.49.39
742,Seward,Skipper,sskipperkl@imgur.com,Male,164.226.174.132
743,Joeann,Punt,jpuntkm@marriott.com,Female,173.147.189.192
744,Selie,Kearford,skearfordkn@stanford.edu,Female,45.250.127.5
745,Charis,Stobart,cstobartko@samsung.com,Female,182.178.23.169
746,Nevins,Janczak,njanczakkp@hibu.com,Genderqueer,222.200.70.7
747,Anne-corinne,McArthur,amcarthurkq@pcworld.com,Female,202.240.111.17
748,Mar,Kroger,mkrogerkr@narod.ru,Male,5.3.236.117
749,Inness,Mellor,imellorks@wordpress.org,Male,74.211.249.18
750,Fayth,Winstone,fwinstonekt@vinaora.com,Female,221.132.50.85
751,Opaline,Bolderoe,obolderoeku@cornell.edu,Female,209.228.70.106
752,Domingo,Wilsey,dwilseykv@shinystat.com,Male,35.167.86.96
753,Jere,Butting,jbuttingkw@google.it,Female,247.43.95.209
754,Katie,Slopier,kslopierkx@usda.gov,Female,246.60.32.120
755,Arvie,Naisbitt,anaisbittky@opensource.org,Male,163.252.217.186
756,Rosamund,Bonfield,rbonfieldkz@ed.gov,Female,247.18.189.38
757,De witt,Reeken,dreekenl0@mediafire.com,Male,131.54.127.131
758,Bobbi,Ingarfield,bingarfieldl1@who.int,Female,225.134.108.225
759,Flynn,Brigham,fbrighaml2@dagondesign.com,Male,71.198.102.156
760,Peder,Dunsford,pdunsfordl3@behance.net,Male,17.204.231.232
761,Sutton,Talbot,stalbotl4@kickstarter.com,Male,20.116.39.42
762,Dorie,Dawidman,ddawidmanl5@tinypic.com,Agender,146.206.177.54
763,Zelda,Franca,zfrancal6@vimeo.com,Female,132.159.255.255
764,Perice,Frostick,pfrostickl7@sourceforge.net,Male,187.246.226.111
765,Fulvia,McMorland,fmcmorlandl8@altervista.org,Female,13.150.94.234
766,Margarita,Morsey,mmorseyl9@go.com,Female,110.147.119.74
767,Stanford,Rickeard,srickeardla@latimes.com,Male,216.57.156.149
768,Arleta,Jefferies,ajefferieslb@photobucket.com,Female,87.228.59.167
769,Stearne,Goodinge,sgoodingelc@soundcloud.com,Genderqueer,69.155.248.106
770,Rikki,Petrushanko,rpetrushankold@dell.com,Male,177.190.179.46
771,Harv,Heymann,hheymannle@free.fr,Male,86.230.74.216
772,Xylia,Charnock,xcharnocklf@patch.com,Female,98.94.227.50
773,Vinny,Marchbank,vmarchbanklg@ftc.gov,Male,20.194.159.244
774,Darrel,Agates,dagateslh@csmonitor.com,Polygender,243.239.198.235
775,Janna,Saenz,jsaenzli@zimbio.com,Bigender,37.182.79.16
776,Irwin,Drover,idroverlj@myspace.com,Male,222.244.113.226
777,Ewart,Hendriks,ehendrikslk@booking.com,Non-binary,219.77.128.182
778,Romonda,Chatell,rchatellll@sciencedirect.com,Female,18.197.5.134
779,Aundrea,Andryushin,aandryushinlm@harvard.edu,Polygender,235.160.121.230
780,Geoffry,Pardey,gpardeyln@sfgate.com,Male,2.145.6.128
781,Stanfield,Everal,severallo@loc.gov,Male,224.163.168.150
782,Esmeralda,Morecombe,emorecombelp@mtv.com,Female,175.204.228.63
783,Adolphus,Stibbs,astibbslq@gmpg.org,Male,64.83.185.115
784,Frederigo,Meth,fmethlr@facebook.com,Male,163.139.10.227
785,Ruthie,Mandel,rmandells@jigsy.com,Female,206.208.2.169
